Region,,1,1,1,1,1,1,1,1,1,1,1,1,1,1,1,1,1,1,1,1,1,1,1,1,1,1,1,1,1,1,1,1,1,1,1,1,1,1,1,1,1,1,1,1,1,1,1,1,1,1,1,1,1,1,1,1,2,2,2,2,2,2,2,2,2,2,2,2,2,2,2,2,2,2,2,2,2,2,2,2,2,2,2,2,2,2,2,2,2,2,2,2,2,2,2,2,2,2,2,2,2,2,2,2,2,2,2,2,2,2,2,2,3,3,3,3,3,3,3,3,3,3,3,3,3,3,3,3,3,3,3,3,3,3,3,3,3,3,3,3,3,3,3,3,3,3,3,3,3,3,3,3,3,3,3,3,3,3,3,3,3,3,3,3,3,3,3,3
,Sector,1,2,3,4,5,6,7,8,9,10,11,12,13,14,15,16,17,18,19,20,21,22,23,24,25,26,27,28,29,30,31,32,33,34,35,36,37,70,71,72,73,74,75,76,78,79,80,98,81,82,83,86,99,87,88,97,1,2,3,4,5,6,7,8,9,10,11,12,13,14,15,16,17,18,19,20,21,22,23,24,25,26,27,28,29,30,31,32,33,34,35,36,37,70,71,72,73,74,75,76,78,79,80,98,81,82,83,86,99,87,88,97,1,2,3,4,5,6,7,8,9,10,11,12,13,14,15,16,17,18,19,20,21,22,23,24,25,26,27,28,29,30,31,32,33,34,35,36,37,70,71,72,73,74,75,76,78,79,80,98,81,82,83,86,99,87,88,97
1,1,74898,4,218403,42,312,132,9,9,1,0.5,0.5,0,0,0,0,0,0,1,0,17359,1634,0,0,0,133,0,0,5,5,4536,4536,4536,4536,313.5,313.5,0,0,331719,929,58641,0,2756.5,2756.5,38806,103889,435608,217314.77,0,0,106822,438541,0,0,0,69149,0,1731,0,15221,3,5,3,0,0,0,0,0,0,0,0,0,0,0,0,0,360,103,0,0,0,11,0,0,0.5,0.5,352.75,352.75,352.75,352.75,11,11,0,0,18871,82,3900,0,50,50,143,4225,23096,0,0,0,4225,23096,0,0,0,4225,0,918,0,3768,5,0,10,0,0,0,0,0,0,0,0,0,0,0,0,0,210,23,0,0,0,2,0,0,0,0,116.25,116.25,116.25,116.25,20,20,0,0,5441,21,926,0,112.5,112.5,73,1245,6686,0,0,0,1245,6686,0,0,0,1245,0
1,2,39,198,4,0,2540,1107,332,332,11997,14708.5,14708.5,8,7.33,7.33,7.33,5,5,23,0,49,14166,8657.67,8657.67,8657.67,0,0,0,0,0,1.5,1.5,1.5,1.5,44.5,44.5,0,25,86363,-110,-134,0,-33.5,-33.5,612,301,86664,695,0,0,996,87359,-52467.23,0,0,-65392,0,0,0,0,0,4,1,145,145,8,13.5,13.5,0,0,0,0,0,0,0,0,0,17,21.65,21.65,21.65,0,0,0,0,0,0,0,0,0,0,0,0,0,412,0,0,0,0,0,0,0,412,0,0,0,0,412,0,0,0,0,0,0,0,0,0,0,6,0.5,0.5,16,42.5,42.5,0,0,0,0,0,0,0,0,0,19,63.28,63.28,63.28,0,0,0,0,0,0,0,0,0,0,0,0,0,317,0,0,0,0,0,1,1,318,0,0,0,1,318,0,0,0,1,0
1,3,48258,0,55066,31,416,270,0,0,24,0,0,0,0,0,0,0,0,0,0,80,0,0,0,0,119,0,0,15,15,13593.75,13593.75,13593.75,13593.75,181.5,181.5,0,101,159133,7248,262043,3752,0,0,2966,276009,435142,253842.07,0,0,279652,438785,0,0,0,198615,0,3178,0,7941,19,66,42,0,0,3,0,0,0,0,0,0,0,0,0,0,4,0,0,0,0,25,0,0,3.5,3.5,2370.5,2370.5,2370.5,2370.5,31,31,0,7,20836,1407,48109,685,0,0,370,50571,71407,0,0,0,50571,71407,0,0,0,50571,0,926,0,3661,9,6,89,0,0,1,0,0,0,0,0,0,0,0,0,0,138,0,0,0,0,7,0,0,0,0,793,793,793,793,19,19,0,9,8056,540,13521,293,0,0,132,14486,22542,0,0,0,14486,22542,0,0,0,14486,0
1,4,1589,112,384,5699,379,68,33,33,108,52,52,129,102.57,102.57,102.57,573,573,523,71,379,1448,57.27,57.27,57.27,2836,459,16,347,347,1404.25,1404.25,1404.25,1404.25,637.5,637.5,162,233,23977,861,37371,0,812,812,-1751,38105,62082,1890,0,0,39995,63972,-15409.21,0,0,-17404,0,44,2,29,48,16,3,1,1,8,5,5,5,3.33,3.33,3.33,33,33,1,2,25,79,2.99,2.99,2.99,235,43,1,23.5,23.5,83.5,83.5,83.5,83.5,38,38,3,9,1107,64,2681,0,51.5,51.5,0,2848,3955,0,0,0,2848,3955,0,0,0,2848,0,10,0,6,38,2,3,0.5,0.5,3,0.5,0.5,2,1.33,1.33,1.33,14,14,0,1,10,11,0.33,0.33,0.33,34,8,0,2.5,2.5,16.25,16.25,16.25,16.25,7.5,7.5,0,1,249,11,422,0,31.5,31.5,0,496,745,0,0,0,496,745,0,0,0,496,0
1,5,4690,0,4124,173,34235,484,0.5,0.5,578,20.5,20.5,148,38.96,38.96,38.96,500,500,29,170,3498,1648,15.99,15.99,15.99,4379,522,74,380,380,1982.75,1982.75,1982.75,1982.75,459,459,5332,419,71319,575,2049,0,0,0,-991,1633,72952,67278.44,0,0,9564,80883,0,0,0,-20,0,255,0,370,30,2193,60,0,0,89,3,3,10,4.33,4.33,4.33,208,208,4,33,594,197,1,1,1,570,64,10,73,73,185,185,185,185,59.5,59.5,663,37,6622,96,340,0,0,0,30,466,7088,0,0,0,466,7088,0,0,0,466,0,277,0,506,33,1344,314,0,0,271,4,4,16,6,6,6,185,185,8,27,545,135,0.99,0.99,0.99,298,49,9,29,29,98.25,98.25,98.25,98.25,52.5,52.5,515,45,5347,53,195,0,0,0,29,277,5624,0,0,0,277,5624,0,0,0,277,0
1,6,6030,87,1291,527,1521,2894,51,51,225,242.5,242.5,330,150.86,150.86,150.86,820,820,691,95,3827,993,166.5,166.5,166.5,11,10,11,41.5,41.5,7281.5,7281.5,7281.5,7281.5,317,317,112,227,51905,606,8951,0,0,0,-2381,7176,59081,4957,0,0,12133,64038,-13374.04,0,0,-31341,0,302,4,69,51,110,389,5,5,45,23.5,23.5,20,10.99,10.99,10.99,116,116,22,4,612,78,13.32,13.32,13.32,0,0,0,1,1,488.25,488.25,488.25,488.25,27.5,27.5,8,11,4097,50,759,0,0,0,5,814,4911,0,0,0,814,4911,0,0,0,814,0,152,0,38,69,27,543,1,1,68,5.5,5.5,11,4.67,4.67,4.67,77,77,16,7,434,23,5.34,5.34,5.34,0,0,0,0,0,173,173,173,173,20,20,4,9,2330,20,237,0,0,0,4,261,2591,0,0,0,261,2591,0,0,0,261,0
1,7,919.5,217.5,285.5,15.5,96.5,67.5,77.75,77.75,138,131,131,59.5,14.15,14.15,14.15,46.5,46.5,49,13.5,98.5,1583.5,241.92,241.92,241.92,940,70,49,1075,1075,286.74,286.74,286.74,286.74,428.5,428.5,0,95.5,10132,28.5,6906,0,0,0,-634.5,6300,16432,0,0,0,6300,16432,-12515.78,0,0,-4764,0,0,0,0,0,0,0,0.25,0.25,0,0,0,0,0,0,0,0,0,0,0,0,0,0.17,0.17,0.17,0.5,0,0,0.25,0.25,0,0,0,0,0,0,0,0,2,0,3.5,0,0,0,0,3.5,5.5,0,0,0,3.5,5.5,0,0,0,3.5,0,0,0,0,0,0,0,0,0,0,0,0,0,0,0,0,0,0,0,0,0,0,0,0,0,0,0,0,0,0,0,0,0,0,0,0,0,0,0,0,0,0,0,0,0,0,0,0,0,0,0,0,0,0,0,0,0
1,8,919.5,217.5,285.5,15.5,96.5,67.5,77.75,77.75,138,131,131,59.5,14.15,14.15,14.15,46.5,46.5,49,13.5,98.5,1583.5,241.92,241.92,241.92,940,70,49,1075,1075,286.74,286.74,286.74,286.74,428.5,428.5,0,95.5,10132,28.5,6906,0,0,0,-634.5,6300,16432,0,0,0,6300,16432,-12515.78,0,0,-4764,0,0,0,0,0,0,0,0.25,0.25,0,0,0,0,0,0,0,0,0,0,0,0,0,0.17,0.17,0.17,0.5,0,0,0.25,0.25,0,0,0,0,0,0,0,0,2,0,3.5,0,0,0,0,3.5,5.5,0,0,0,3.5,5.5,0,0,0,3.5,0,0,0,0,0,0,0,0,0,0,0,0,0,0,0,0,0,0,0,0,0,0,0,0,0,0,0,0,0,0,0,0,0,0,0,0,0,0,0,0,0,0,0,0,0,0,0,0,0,0,0,0,0,0,0,0,0
1,9,626,1,809,13,216,345,66.5,66.5,5228,651.5,651.5,316,230.44,230.44,230.44,2745,2745,3067,1651,553,43877,69.59,69.59,69.59,316,9,30,14,14,693.5,693.5,693.5,693.5,367.5,367.5,60,337,68818,211,1759,0,0,0,604,2574,71392,6638.5,0,0,6874,75692,0,0,0,-1687,0,58,0,213,2,35,46,5.5,5.5,707,169.5,169.5,43,39.96,39.96,39.96,764.5,764.5,31,121,118,6427,12.66,12.66,12.66,56,1,4,1,1,93.25,93.25,93.25,93.25,54,54,9,34,10425,35,434,0,0,0,160,629,11054,0,0,0,629,11054,0,0,0,629,0,25,0,96,3,5,150,2.5,2.5,492,35.5,35.5,26,24.63,24.63,24.63,390,390,28,132,133,2383,6,6,6,17,0,2,0.5,0.5,34.75,34.75,34.75,34.75,28,28,5,34,4675,16,114,0,0,0,93,223,4898,0,0,0,223,4898,0,0,0,223,0
1,10,8.5,6.5,137,0,3.5,38,0,0,149.5,4331,4331,4606,969.36,969.36,969.36,1997,1997,2018,392.5,251.5,4773,10.66,10.66,10.66,6.5,0,0,6,6,85.26,85.26,85.26,85.26,17.25,17.25,6.5,178,28561.5,7,-19,0,-493.5,-493.5,404.5,-594.5,27967,79835.35,0,0,16707.5,45269,0,0,0,851,0,0.5,8,6.5,0,0,6.5,0,0,56.5,895.25,895.25,1517.5,303.2,303.2,303.2,356.75,356.75,325,94,112,1745.5,1.67,1.67,1.67,0,0,0,3.75,3.75,5.63,5.63,5.63,5.63,0.75,0.75,0,7.5,7330.5,0,18,0,0,0,50.5,68.5,7399,0,0,0,68.5,7399,0,0,0,68.5,0,0,1,22,0,0.5,50.5,0,0,48.5,640.75,640.75,1165.5,277.55,277.55,277.55,723.5,723.5,555.5,70,181.5,626,6.34,6.34,6.34,0,0,0,1,1,4.37,4.37,4.37,4.37,0.75,0.75,0,40,6363,0,11.5,0,54.25,54.25,60,180,6543,0,0,0,180,6543,0,0,0,180,0
1,11,8.5,6.5,137,0,3.5,38,0,0,149.5,4331,4331,4606,969.36,969.36,969.36,1997,1997,2018,392.5,251.5,4773,10.66,10.66,10.66,6.5,0,0,6,6,85.26,85.26,85.26,85.26,17.25,17.25,6.5,178,28561.5,7,-19,0,-493.5,-493.5,404.5,-594.5,27967,79835.35,0,0,16707.5,45269,0,0,0,851,0,0.5,8,6.5,0,0,6.5,0,0,56.5,895.25,895.25,1517.5,303.2,303.2,303.2,356.75,356.75,325,94,112,1745.5,1.67,1.67,1.67,0,0,0,3.75,3.75,5.63,5.63,5.63,5.63,0.75,0.75,0,7.5,7330.5,0,18,0,0,0,50.5,68.5,7399,0,0,0,68.5,7399,0,0,0,68.5,0,0,1,22,0,0.5,50.5,0,0,48.5,640.75,640.75,1165.5,277.55,277.55,277.55,723.5,723.5,555.5,70,181.5,626,6.34,6.34,6.34,0,0,0,1,1,4.37,4.37,4.37,4.37,0.75,0.75,0,40,6363,0,11.5,0,54.25,54.25,60,180,6543,0,0,0,180,6543,0,0,0,180,0
1,12,194,128,1395,45,62,129,5,5,147,34.5,34.5,1538,520.15,520.15,520.15,816.5,816.5,396,331,394,18165,17.65,17.65,17.65,711,12,56,103.5,103.5,152.75,152.75,152.75,152.75,430,430,5,81,28794,76,1146,6,362,362,-188,1764,30558,54849.57,0,0,4556,33350,0,0,0,15930,0,46,64,272,24,15,51,3,3,61,13.5,13.5,434,159.18,159.18,159.18,711,711,91,136,284,3355,8.66,8.66,8.66,305,3,20,35,35,55,55,55,55,105,105,0,12,7632,30,358,0,108.5,108.5,25,630,8262,0,0,0,630,8262,0,0,0,630,0,36,25,900,35,11,368,1.5,1.5,126,29,29,766,409.92,409.92,409.92,1281.5,1281.5,266,164,684,2260,17.65,17.65,17.65,243,4,24,31.5,31.5,52.75,52.75,52.75,52.75,121,121,0,33,10369,35,312,0,130,130,89,696,11065,0,0,0,696,11065,0,0,0,696,0
1,13,2,16.32,0,0,0,0.67,0.34,0.34,13.32,8.32,8.32,26.98,1656.23,1656.23,1656.23,154.85,154.85,276.38,101.57,32.63,406.27,15.3,15.3,15.3,2.33,0,0,5.82,5.82,388.71,388.71,388.71,388.71,10.5,10.5,0.33,0,7812.84,1,89.24,0,10132.04,10132.04,-417.24,19937.04,27749.89,54151.34,0,0,33989.98,41802.82,0,0,0,20709.61,0,0,1,0,0,0,0,0,0,1,0.17,0.17,1.67,78.17,78.17,78.17,19.81,19.81,14.66,5.33,3.66,24.64,2.66,2.66,2.66,0,0,0,0,0,38.71,38.71,38.71,38.71,0.83,0.83,0,0,491.18,0,4.66,0,259.24,259.24,4.66,527.82,1018.98,0,0,0,527.82,1018.98,0,0,0,527.82,0,0,0.66,0,0,0,0,0,0,3.66,1.16,1.16,2.67,158.24,158.24,158.24,54.28,54.28,54.28,10.99,15.32,29.3,3.44,3.44,3.44,0,0,0,0.17,0.17,25.39,25.39,25.39,25.39,0.83,0.83,0,0,816.85,0,4.99,0,740.59,740.59,43.3,1529.47,2346.32,0,0,0,1529.47,2346.32,0,0,0,1529.47,0
1,14,2,16.32,0,0,0,0.67,0.34,0.34,13.32,8.32,8.32,26.98,1656.23,1656.23,1656.23,154.85,154.85,276.38,101.57,32.63,406.27,15.3,15.3,15.3,2.33,0,0,5.82,5.82,388.71,388.71,388.71,388.71,10.5,10.5,0.33,0,7812.84,1,89.24,0,10132.04,10132.04,-417.24,19937.04,27749.89,54151.34,0,0,33989.98,41802.82,0,0,0,20709.61,0,0,1,0,0,0,0,0,0,1,0.17,0.17,1.67,78.17,78.17,78.17,19.81,19.81,14.66,5.33,3.66,24.64,2.66,2.66,2.66,0,0,0,0,0,38.71,38.71,38.71,38.71,0.83,0.83,0,0,491.18,0,4.66,0,259.24,259.24,4.66,527.82,1018.98,0,0,0,527.82,1018.98,0,0,0,527.82,0,0,0.66,0,0,0,0,0,0,3.66,1.16,1.16,2.67,158.24,158.24,158.24,54.28,54.28,54.28,10.99,15.32,29.3,3.44,3.44,3.44,0,0,0,0.17,0.17,25.39,25.39,25.39,25.39,0.83,0.83,0,0,816.85,0,4.99,0,740.59,740.59,43.3,1529.47,2346.32,0,0,0,1529.47,2346.32,0,0,0,1529.47,0
1,15,2,16.32,0,0,0,0.67,0.34,0.34,13.32,8.32,8.32,26.98,1656.23,1656.23,1656.23,154.85,154.85,276.38,101.57,32.63,406.27,15.3,15.3,15.3,2.33,0,0,5.82,5.82,388.71,388.71,388.71,388.71,10.5,10.5,0.33,0,7812.84,1,89.24,0,10132.04,10132.04,-417.24,19937.04,27749.89,54151.34,0,0,33989.98,41802.82,0,0,0,20709.61,0,0,1,0,0,0,0,0,0,1,0.17,0.17,1.67,78.17,78.17,78.17,19.81,19.81,14.66,5.33,3.66,24.64,2.66,2.66,2.66,0,0,0,0,0,38.71,38.71,38.71,38.71,0.83,0.83,0,0,491.18,0,4.66,0,259.24,259.24,4.66,527.82,1018.98,0,0,0,527.82,1018.98,0,0,0,527.82,0,0,0.66,0,0,0,0,0,0,3.66,1.16,1.16,2.67,158.24,158.24,158.24,54.28,54.28,54.28,10.99,15.32,29.3,3.44,3.44,3.44,0,0,0,0.17,0.17,25.39,25.39,25.39,25.39,0.83,0.83,0,0,816.85,0,4.99,0,740.59,740.59,43.3,1529.47,2346.32,0,0,0,1529.47,2346.32,0,0,0,1529.47,0
1,16,31,6,3.5,0,1.5,5,0,0,2.5,1.25,1.25,83.5,677,677,677,12604.5,12604.5,2483,1414,26.5,1433.5,2.66,2.66,2.66,86.5,16,9,18,18,520.62,520.62,520.62,520.62,611.75,611.75,71.5,28.5,36296,3441,15351,0,9619.25,9619.25,-2207.5,35823,72119,126435.55,0,0,90722.5,127018.5,0,0,0,54798.5,0,1.5,0,0,0,0,0,0,0,0,0.75,0.75,3,169.65,169.65,169.65,10033.25,10033.25,123,1032.5,24.5,117,0.17,0.17,0.17,9.5,2.5,0,2,2,206.36,206.36,206.36,206.36,115.25,115.25,40.5,1.5,22993.5,171,839,0,225.5,225.5,36,1497,24490.5,0,0,0,1497,24490.5,0,0,0,1497,0,0.5,0,0,0,0,0,0,0,0,0.25,0.25,4.5,68.27,68.27,68.27,3851.25,3851.25,532.5,592.5,22.5,181,0.17,0.17,0.17,1.5,0.5,0,0.25,0.25,54.25,54.25,54.25,54.25,29,29,10.5,2,9532,50,234,0,1905.75,1905.75,24.5,4120,13652,0,0,0,4120,13652,0,0,0,4120,0
1,17,31,6,3.5,0,1.5,5,0,0,2.5,1.25,1.25,83.5,677,677,677,12604.5,12604.5,2483,1414,26.5,1433.5,2.66,2.66,2.66,86.5,16,9,18,18,520.62,520.62,520.62,520.62,611.75,611.75,71.5,28.5,36296,3441,15351,0,9619.25,9619.25,-2207.5,35823,72119,126435.55,0,0,90722.5,127018.5,0,0,0,54798.5,0,1.5,0,0,0,0,0,0,0,0,0.75,0.75,3,169.65,169.65,169.65,10033.25,10033.25,123,1032.5,24.5,117,0.17,0.17,0.17,9.5,2.5,0,2,2,206.36,206.36,206.36,206.36,115.25,115.25,40.5,1.5,22993.5,171,839,0,225.5,225.5,36,1497,24490.5,0,0,0,1497,24490.5,0,0,0,1497,0,0.5,0,0,0,0,0,0,0,0,0.25,0.25,4.5,68.27,68.27,68.27,3851.25,3851.25,532.5,592.5,22.5,181,0.17,0.17,0.17,1.5,0.5,0,0.25,0.25,54.25,54.25,54.25,54.25,29,29,10.5,2,9532,50,234,0,1905.75,1905.75,24.5,4120,13652,0,0,0,4120,13652,0,0,0,4120,0
1,18,1058,3,2,0,0,0,0,0,0,0,0,0,0.33,0.33,0.33,0,0,51011,0,0,9,0,0,0,3,1,0,1357.5,1357.5,1428.5,1428.5,1428.5,1428.5,5281,5281,0,0,71079,0,11915,0,9110,9110,1314,31449,102528,189526,0,0,220975,292054,-81138.36,0,0,183217,0,9,0,0,0,0,0,0,0,0,0,0,0,0,0,0,0,0,700,0,0,0,0,0,0,0,0,0,30.5,30.5,134.5,134.5,134.5,134.5,73.5,73.5,0,0,1455,0,1043,0,164,164,9,1380,2835,0,0,0,1380,2835,0,0,0,1380,0,5,0,0,0,0,0,0,0,0,0,0,0,0,0,0,0,0,1807,0,0,0,0,0,0,0,0,0,2,2,109.5,109.5,109.5,109.5,13,13,0,0,2280,0,1471,0,558.5,558.5,8,2596,4876,0,0,0,2596,4876,0,0,0,2596,0
1,19,28,0,4,0,11,3,0,0,1,0,0,6,171.17,171.17,171.17,78.5,78.5,110,1050,11,64,4.33,4.33,4.33,692,22,4,11.5,11.5,1003.25,1003.25,1003.25,1003.25,149.5,149.5,0,0,7025,105,5454,2,5861.5,5861.5,22,17306,24331,26453.89,0,0,40465,47490,0,0,0,19449,0,0,0,0,0,0,0,0,0,0,0,0,0,8.66,8.66,8.66,8.5,8.5,0,32,0,2,0,0,0,55,0,0,0,0,49.75,49.75,49.75,49.75,7.5,7.5,0,0,346,6,423,0,118.5,118.5,0,666,1012,0,0,0,666,1012,0,0,0,666,0,0,0,0,0,0,0,0,0,0,0,0,0,13.65,13.65,13.65,31,31,2,111,4,6,0,0,0,29,0,0,0,0,43.75,43.75,43.75,43.75,7,7,0,0,444,6,320,0,281,281,0,888,1332,0,0,0,888,1332,0,0,0,888,0
1,20,2601,206,6637,1048,12043,790,9,9,551,579,579,659,926.73,926.73,926.73,3880.5,3880.5,5903,1752,19608,34617,802.2,802.2,802.2,8605,6618,263,1548,1548,5321.5,5321.5,5321.5,5321.5,8015.5,8015.5,1226,927,158596,1621,22366,34,3573,3573,1791,32958,191554,2167,0,0,35125,193721,-32195.91,0,0,-36419,0,332,7,1004,87,3882,103,1.5,1.5,154,120,120,121,92.58,92.58,92.58,914,914,156,152,6848,9527,129.21,129.21,129.21,1560,1056,32,229.5,229.5,650.5,650.5,650.5,650.5,846,846,78,94,32683,114,1756,8,169.5,169.5,419,2636,35319,0,0,0,2636,35319,0,0,0,2636,0,90,2,250,64,87,172,0,0,91,39,39,24,30.97,30.97,30.97,596,596,198,153,2536,2354,48.28,48.28,48.28,191,75,9,29.5,29.5,86.25,86.25,86.25,86.25,152,152,49,36,8597,53,791,1,404.5,404.5,135,1789,10386,0,0,0,1789,10386,0,0,0,1789,0
1,21,3264,210,871,283,1311,296,79,79,1680,578.5,578.5,1165,223.78,223.78,223.78,1386.5,1386.5,340,332,726,2752,4817.84,4817.84,4817.84,7956,2111,44815,3413,3413,3431.5,3431.5,3431.5,3431.5,8859.5,8859.5,0,1881,127492,0,0,0,609462,609462,0,1218924,1346416,0,0,0,1218924,1346416,-309746.78,0,0,1218924,0,0,0,0,0,0,0,0,0,0,0,0,0,0,0,0,0,0,0,0,0,0,0,0,0,0,0,0,0,0,0,0,0,0,0,0,0,0,0,0,0,0,0,0,0,0,0,0,0,0,0,0,0,0,0,0,0,0,0,0,0,0,0,0,0,0,0,0,0,0,0,0,0,0,0,0,0,0,0,0,0,0,0,0,0,0,0,0,0,0,0,0,0,0,0,0,0,0,0,0,0,0,0,0,0,0,0,0,0,0,0,0,0
1,22,1323.67,375.96,2594.74,204.13,3937.06,536.8,27.47,27.47,1387.94,2177.15,2177.15,627.71,260.36,260.36,260.36,1221.11,1221.11,766.24,354.32,894.77,2472.86,2364.26,2364.26,2364.26,8522.8,978.35,585.08,2097.23,2097.23,5119.88,5119.88,5119.88,5119.88,6984.17,6984.17,0,1795.88,80733.85,34.63,39733.56,22321.33,0,0,0,62089.52,142823.37,0.33,0,0,62089.85,142823.7,-3799.46,0,0,71855.74,0,0,0,0,0,0,0,0,0,0,0,0,0,0,0,0,0,0,0,0,0,0,0,0,0,0,0,0,0,0,0,0,0,0,0,0,0,0,0,0,0,0,0,0,0,0,0,0,0,0,0,0,0,0,0,0,0,0,0,0,0,0,0,0,0,0,0,0,0,0,0,0,0,0,0,0,0,0,0,0,0,0,0,0,0,0,0,0,0,0,0,0,0,0,0,0,0,0,0,0,0,0,0,0,0,0,0,0,0,0,0,0,0
1,23,1323.67,375.96,2594.74,204.13,3937.06,536.8,27.47,27.47,1387.94,2177.15,2177.15,627.71,260.36,260.36,260.36,1221.11,1221.11,766.24,354.32,894.77,2472.86,2364.26,2364.26,2364.26,8522.8,978.35,585.08,2097.23,2097.23,5119.88,5119.88,5119.88,5119.88,6984.17,6984.17,0,1795.88,80733.85,34.63,39733.56,22321.33,0,0,0,62089.52,142823.37,0.33,0,0,62089.85,142823.7,-3799.46,0,0,71855.74,0,0,0,0,0,0,0,0,0,0,0,0,0,0,0,0,0,0,0,0,0,0,0,0,0,0,0,0,0,0,0,0,0,0,0,0,0,0,0,0,0,0,0,0,0,0,0,0,0,0,0,0,0,0,0,0,0,0,0,0,0,0,0,0,0,0,0,0,0,0,0,0,0,0,0,0,0,0,0,0,0,0,0,0,0,0,0,0,0,0,0,0,0,0,0,0,0,0,0,0,0,0,0,0,0,0,0,0,0,0,0,0,0
1,24,1323.67,375.96,2594.74,204.13,3937.06,536.8,27.47,27.47,1387.94,2177.15,2177.15,627.71,260.36,260.36,260.36,1221.11,1221.11,766.24,354.32,894.77,2472.86,2364.26,2364.26,2364.26,8522.8,978.35,585.08,2097.23,2097.23,5119.88,5119.88,5119.88,5119.88,6984.17,6984.17,0,1795.88,80733.85,34.63,39733.56,22321.33,0,0,0,62089.52,142823.37,0.33,0,0,62089.85,142823.7,-3799.46,0,0,71855.74,0,0,0,0,0,0,0,0,0,0,0,0,0,0,0,0,0,0,0,0,0,0,0,0,0,0,0,0,0,0,0,0,0,0,0,0,0,0,0,0,0,0,0,0,0,0,0,0,0,0,0,0,0,0,0,0,0,0,0,0,0,0,0,0,0,0,0,0,0,0,0,0,0,0,0,0,0,0,0,0,0,0,0,0,0,0,0,0,0,0,0,0,0,0,0,0,0,0,0,0,0,0,0,0,0,0,0,0,0,0,0,0,0
1,25,19388,1469,45926,3559,8936,2108,358,358,3066,3018,3018,5490,4218.45,4218.45,4218.45,10942.5,10942.5,10579,3989,11828,54219,1491.51,1491.51,1491.51,18540,2546,749,3597.5,3597.5,25008.25,25008.25,25008.25,25008.25,8345.5,8345.5,3268,1694,367057,15556,462245,88,63856,63856,1913,607514,974571,276404.47,0,0,713770,1080827,0,0,0,617228,0,571,43,1944,163,350,130,46,46,139,188,188,255,157.84,157.84,157.84,704,704,284,115,892,2571,100.24,100.24,100.24,1096,135,49,174,174,1145.75,1145.75,1145.75,1145.75,400.5,400.5,160,76,17356,778,27044,3,3204.5,3204.5,90,34324,51680,0,0,0,34324,51680,0,0,0,34324,0,302,24,907,183,211,314,6,6,158,105.5,105.5,173,129.53,129.53,129.53,1027,1027,361,154,802,640,103.24,103.24,103.24,394,69,21,80,80,497,497,497,497,254,254,91,52,10488,406,10644,0,1841,1841,54,14786,25274,0,0,0,14786,25274,0,0,0,14786,0
1,26,9310,2932,5223,2214,2436,901,22,22,2585,1037,1037,1967,1147.52,1147.52,1147.52,2667,2667,1925,1770,3517,18921,2427.24,2427.24,2427.24,67615,46866,47995,10475.5,10475.5,12129.25,12129.25,12129.25,12129.25,3475,3475,0,85462,396244,4,239270,0,0,0,0,239274,635518,913,0,0,240187,636431,-55328.64,0,0,265184,0,0,0,0,0,0,0,0,0,0,0,0,0,0,0,0,0,0,0,0,0,1,0.33,0.33,0.33,12,10,9,0,0,1.25,1.25,1.25,1.25,0,0,0,10,48,0,29,0,0,0,0,29,77,0,0,0,29,77,0,0,0,29,0,4,1,4,4,0,3,0,0,3,1.5,1.5,1,1,1,1,5,5,0,2,7,9,5.66,5.66,5.66,44,40,42,5,5,6.5,6.5,6.5,6.5,4,4,0,59,300,0,171,0,0,0,0,171,471,0,0,0,171,471,0,0,0,171,0
1,27,154,188,483,150,239,251,11,11,279,139,139,485,196.48,196.48,196.48,392,392,113,181,500,2578,503.83,503.83,503.83,29071,5795,2104,5240,5240,4856.75,4856.75,4856.75,4856.75,2033.5,2033.5,0,20521,100253,0,1084898,716,0,0,0,1085614,1185867,184,0,0,1085798,1186051,-19184.19,0,0,1086333,0,0,0,0,0,0,0,0,0,0,0,0,0,0,0,0,0,0,0,0,0,0,0,0,0,0,0,0,0,0,0,0,0,0,0,0,0,0,0,0,0,0,0,0,0,0,0,0,0,0,0,0,0,0,0,0,0,0,0,0,0,0,0,0,0,0,0,0,0,0,0,0,0,0,0,0,0,0,0,0,0,0,0,0,0,0,0,0,0,0,0,0,0,0,0,0,0,0,0,0,0,0,0,0,0,0,0,0,0,0,0,0,0
1,28,7448.5,659,8183.5,520,2239,1030.5,156.75,156.75,2157,1092.75,1092.75,1507.5,681.82,681.82,681.82,2232.75,2232.75,2390,522.5,4189.5,20368,1029.47,1029.47,1029.47,21786,7487,452.5,14011.5,14011.5,6705.13,6705.13,6705.13,6705.13,7365,7365,521.5,10845,173984,3917,126577,-159,2564.5,2564.5,471,135935,309919,16736,0,0,152671,326655,-3468.49,0,0,152998.5,0,394,25,964.5,32,266,86,68.5,68.5,206.5,115.25,115.25,160.5,59.62,59.62,59.62,302.25,302.25,93.5,27,550,2000,111.22,111.22,111.22,1327,595,26,542.25,542.25,461.76,461.76,461.76,461.76,569,569,75.5,1122,13505,462.5,15550.5,4.5,518.5,518.5,64,17118.5,30623.5,0,0,0,17118.5,30623.5,0,0,0,17118.5,0,196.5,9.5,391,44.5,136.5,211.5,6.25,6.25,166.5,149,149,116.5,39.29,39.29,39.29,329.5,329.5,124.5,51.5,474,702,177.99,177.99,177.99,294.5,144,6,224.5,224.5,177.11,177.11,177.11,177.11,225.5,225.5,41,339.5,6680,210.5,3259.5,1.5,227.5,227.5,31,3957.5,10637.5,0,0,0,3957.5,10637.5,0,0,0,3957.5,0
1,29,7448.5,659,8183.5,520,2239,1030.5,156.75,156.75,2157,1092.75,1092.75,1507.5,681.82,681.82,681.82,2232.75,2232.75,2390,522.5,4189.5,20368,1029.47,1029.47,1029.47,21786,7487,452.5,14011.5,14011.5,6705.13,6705.13,6705.13,6705.13,7365,7365,521.5,10845,173984,3917,126577,-159,2564.5,2564.5,471,135935,309919,16736,0,0,152671,326655,-3468.49,0,0,152998.5,0,394,25,964.5,32,266,86,68.5,68.5,206.5,115.25,115.25,160.5,59.62,59.62,59.62,302.25,302.25,93.5,27,550,2000,111.22,111.22,111.22,1327,595,26,542.25,542.25,461.76,461.76,461.76,461.76,569,569,75.5,1122,13505,462.5,15550.5,4.5,518.5,518.5,64,17118.5,30623.5,0,0,0,17118.5,30623.5,0,0,0,17118.5,0,196.5,9.5,391,44.5,136.5,211.5,6.25,6.25,166.5,149,149,116.5,39.29,39.29,39.29,329.5,329.5,124.5,51.5,474,702,177.99,177.99,177.99,294.5,144,6,224.5,224.5,177.11,177.11,177.11,177.11,225.5,225.5,41,339.5,6680,210.5,3259.5,1.5,227.5,227.5,31,3957.5,10637.5,0,0,0,3957.5,10637.5,0,0,0,3957.5,0
1,30,3662.75,1468.5,4034,506,912.75,858.75,58.38,58.38,1486.75,631.37,631.37,1453.5,904.01,904.01,904.01,3415.12,3415.12,2757.25,663.75,1896.75,24004.25,1998,1998,1998,20700.25,12719,3272.25,7549.99,7549.99,15061,15061,15061,15061,9661.62,9661.62,0,7413.5,199401.75,36519.25,277575.25,202550,6272.25,6272.25,-43.25,529145.75,728547.5,1159.75,0,0,530305.5,729707.25,-93210.77,0,0,533010.25,0,0.75,0,0.5,0,0,0,0,0,0,0,0,0,0,0,0,1,1,0,0,0,6.25,0.16,0.16,0.16,12.75,4.75,4,1.88,1.88,31.24,31.24,31.24,31.24,4.62,4.62,0,3.25,172.75,5003.75,16440.25,0,1.5,1.5,0,21447,21619.75,0,0,0,21447,21619.75,0,0,0,21447,0,0.5,0.25,4,0,0.5,2.75,0,0,1.5,0,0,0.5,0.66,0.66,0.66,7.12,7.12,1.25,1,2.5,9,3.58,3.58,3.58,10.75,10,0.75,2,2,6.5,6.5,6.5,6.5,8.38,8.38,0,7.25,126.25,163.5,379.5,0,2.25,2.25,0,547.5,673.75,0,0,0,547.5,673.75,0,0,0,547.5,0
1,31,3662.75,1468.5,4034,506,912.75,858.75,58.38,58.38,1486.75,631.37,631.37,1453.5,904.01,904.01,904.01,3415.12,3415.12,2757.25,663.75,1896.75,24004.25,1998,1998,1998,20700.25,12719,3272.25,7549.99,7549.99,15061,15061,15061,15061,9661.62,9661.62,0,7413.5,199401.75,36519.25,277575.25,202550,6272.25,6272.25,-43.25,529145.75,728547.5,1159.75,0,0,530305.5,729707.25,-93210.77,0,0,533010.25,0,0.75,0,0.5,0,0,0,0,0,0,0,0,0,0,0,0,1,1,0,0,0,6.25,0.16,0.16,0.16,12.75,4.75,4,1.88,1.88,31.24,31.24,31.24,31.24,4.62,4.62,0,3.25,172.75,5003.75,16440.25,0,1.5,1.5,0,21447,21619.75,0,0,0,21447,21619.75,0,0,0,21447,0,0.5,0.25,4,0,0.5,2.75,0,0,1.5,0,0,0.5,0.66,0.66,0.66,7.12,7.12,1.25,1,2.5,9,3.58,3.58,3.58,10.75,10,0.75,2,2,6.5,6.5,6.5,6.5,8.38,8.38,0,7.25,126.25,163.5,379.5,0,2.25,2.25,0,547.5,673.75,0,0,0,547.5,673.75,0,0,0,547.5,0
1,32,3662.75,1468.5,4034,506,912.75,858.75,58.38,58.38,1486.75,631.37,631.37,1453.5,904.01,904.01,904.01,3415.12,3415.12,2757.25,663.75,1896.75,24004.25,1998,1998,1998,20700.25,12719,3272.25,7549.99,7549.99,15061,15061,15061,15061,9661.62,9661.62,0,7413.5,199401.75,36519.25,277575.25,202550,6272.25,6272.25,-43.25,529145.75,728547.5,1159.75,0,0,530305.5,729707.25,-93210.77,0,0,533010.25,0,0.75,0,0.5,0,0,0,0,0,0,0,0,0,0,0,0,1,1,0,0,0,6.25,0.16,0.16,0.16,12.75,4.75,4,1.88,1.88,31.24,31.24,31.24,31.24,4.62,4.62,0,3.25,172.75,5003.75,16440.25,0,1.5,1.5,0,21447,21619.75,0,0,0,21447,21619.75,0,0,0,21447,0,0.5,0.25,4,0,0.5,2.75,0,0,1.5,0,0,0.5,0.66,0.66,0.66,7.12,7.12,1.25,1,2.5,9,3.58,3.58,3.58,10.75,10,0.75,2,2,6.5,6.5,6.5,6.5,8.38,8.38,0,7.25,126.25,163.5,379.5,0,2.25,2.25,0,547.5,673.75,0,0,0,547.5,673.75,0,0,0,547.5,0
1,33,3662.75,1468.5,4034,506,912.75,858.75,58.38,58.38,1486.75,631.37,631.37,1453.5,904.01,904.01,904.01,3415.12,3415.12,2757.25,663.75,1896.75,24004.25,1998,1998,1998,20700.25,12719,3272.25,7549.99,7549.99,15061,15061,15061,15061,9661.62,9661.62,0,7413.5,199401.75,36519.25,277575.25,202550,6272.25,6272.25,-43.25,529145.75,728547.5,1159.75,0,0,530305.5,729707.25,-93210.77,0,0,533010.25,0,0.75,0,0.5,0,0,0,0,0,0,0,0,0,0,0,0,1,1,0,0,0,6.25,0.16,0.16,0.16,12.75,4.75,4,1.88,1.88,31.24,31.24,31.24,31.24,4.62,4.62,0,3.25,172.75,5003.75,16440.25,0,1.5,1.5,0,21447,21619.75,0,0,0,21447,21619.75,0,0,0,21447,0,0.5,0.25,4,0,0.5,2.75,0,0,1.5,0,0,0.5,0.66,0.66,0.66,7.12,7.12,1.25,1,2.5,9,3.58,3.58,3.58,10.75,10,0.75,2,2,6.5,6.5,6.5,6.5,8.38,8.38,0,7.25,126.25,163.5,379.5,0,2.25,2.25,0,547.5,673.75,0,0,0,547.5,673.75,0,0,0,547.5,0
1,34,165,46,1871,136,847.5,4433,16.75,16.75,1382,808,808,714,2183.31,2183.31,2183.31,14504.5,14504.5,6923.5,2181,926,798.5,769.4,769.4,769.4,2223,169,0.5,1297.75,1297.75,401.75,401.75,401.75,401.75,438.25,438.25,0,17511,84931.5,0,57737.5,766665,0,0,0,824402.5,909334,9,0,0,824411.5,909343,-67208.23,0,0,824235,0,0,0,0,0,0,0,0,0,0,0,0,0,0,0,0,0,0,0,0,0,0,0,0,0,0,0,0,0,0,0,0,0,0,0,0,0,0,0,0,0,0,0,0,0,0,0,0,0,0,0,0,0,0,0,0,0,0,0,0,0,0,0,0,0,0,0,0,0,0,0,0,0,0,0,0,0,0,0,0,0,0,0,0,0,0,0,0,0,0,0,0,0,0,0,0,0,0,0,0,0,0,0,0,0,0,0,0,0,0,0,0,0
1,35,165,46,1871,136,847.5,4433,16.75,16.75,1382,808,808,714,2183.31,2183.31,2183.31,14504.5,14504.5,6923.5,2181,926,798.5,769.4,769.4,769.4,2223,169,0.5,1297.75,1297.75,401.75,401.75,401.75,401.75,438.25,438.25,0,17511,84931.5,0,57737.5,766665,0,0,0,824402.5,909334,9,0,0,824411.5,909343,-67208.23,0,0,824235,0,0,0,0,0,0,0,0,0,0,0,0,0,0,0,0,0,0,0,0,0,0,0,0,0,0,0,0,0,0,0,0,0,0,0,0,0,0,0,0,0,0,0,0,0,0,0,0,0,0,0,0,0,0,0,0,0,0,0,0,0,0,0,0,0,0,0,0,0,0,0,0,0,0,0,0,0,0,0,0,0,0,0,0,0,0,0,0,0,0,0,0,0,0,0,0,0,0,0,0,0,0,0,0,0,0,0,0,0,0,0,0,0
1,36,247,53,326,65,110,34,1,1,75,33.5,33.5,148,98.57,98.57,98.57,362,362,59,52,134,449,130.87,130.87,130.87,5044,1896,141,680.5,680.5,1391.25,1391.25,1391.25,1391.25,1762.5,1762.5,0,3615,24381,0,0,0,0,0,0,0,24381,0,0,0,0,24381,-10336.39,0,0,0,0,0,0,0,0,0,0,0,0,0,0,0,0,0,0,0,0,0,0,0,0,0,0,0,0,0,0,0,0,0,0,0,0,0,0,0,0,0,0,0,0,0,0,0,0,0,0,0,0,0,0,0,0,0,0,0,0,0,0,0,0,0,0,0,0,0,0,0,0,0,0,0,0,0,0,0,0,0,0,0,0,0,0,0,0,0,0,0,0,0,0,0,0,0,0,0,0,0,0,0,0,0,0,0,0,0,0,0,0,0,0,0,0
1,37,15145,1103,21774,2818,2751,5051,268.5,268.5,2927,2347.5,2347.5,2738,3176.16,3176.16,3176.16,6811.5,6811.5,3733,1870,7084,55506,4642.69,4642.69,4642.69,131033,40973,15891,47335.5,47335.5,17378,17378,17378,17378,10398,10398,0,0,537711,0,443,0,0,0,0,443,538154,716,0,0,1159,538870,-12256.69,0,0,-4778,0,67,78,663,240,78,443,4.5,4.5,139,45.5,45.5,139,128.21,128.21,128.21,554,554,92,153,498,3326,265.07,265.07,265.07,6777,2011,826,2574.5,2574.5,992.5,992.5,992.5,992.5,437,437,0,0,27912,0,0,0,0,0,0,0,27912,0,0,0,0,27912,0,0,0,0,0,5,5,97,48,17,135,1.5,1.5,36,12.5,12.5,30,31.31,31.31,31.31,141,141,55,45,139,456,39.96,39.96,39.96,1018,288,101,306,306,129.75,129.75,129.75,129.75,77.5,77.5,0,0,4285,0,0,0,0,0,0,0,4285,0,0,0,0,4285,0,0,0,0,0
1,70,223296,15616,407611,20647,89368,31060,2065,2065,47285,45259,45259,36848,29632.33,29632.33,29632.33,112543,112543,120390,26385,90903,413622,43051.24,43051.24,43051.24,435550,177138,128017,143897,143897,194379.5,194379.5,194379.5,194379.5,128443.5,128443.5,11365,207886,4343189,188653,3841411,2414841,774655.5,774655.5,37358,8031574,12374763,576796,0,0,8608370,12951559,-771291,0,0,7983241,0,7388,267,29670,731,7286,1456,349,349,1882,2604.5,2604.5,4394,1904.76,1904.76,1904.76,25461,25461,2508,3071,11619,33507,790.21,790.21,790.21,13427,4537,1019,4250,4250,8191.25,8191.25,8191.25,8191.25,3481.5,3481.5,1153,2565,239630,23944,185473,705,6139,6139,1566,223966,463596,0,0,0,223966,463596,0,0,0,223966,0,3146,81,11075,580,1986,2642,26,26,1712,1859,1859,3632,1901.11,1901.11,1901.11,13747.5,13747.5,5334,2261,7054,11461,684.31,684.31,684.31,2912,862,223,946,946,2730.75,2730.75,2730.75,2730.75,1322,1322,767,1070,111286,2336,37667,297,9967,9967,979,61213,172499,0,0,0,61213,172499,0,0,0,61213,0
1,71,3506,2269,7170,1073,2287,2041,89,89,1525,1440,1440,3012,2170.5,2170.5,2170.5,6334,6334,2330,962,4200,17775,2839.16,2839.16,2839.16,30009,17490,1734,15443,15443,13843,13843,13843,13843,10735,10735,0,25616,261497,0,0,0,0,0,0,0,261497,0,0,0,0,261497,0,0,0,0,0,0,0,0,0,0,0,0,0,0,0,0,0,0,0,0,0,0,0,0,0,0,0,0,0,0,0,0,0,0,0,0,0,0,0,0,0,0,0,0,0,0,0,0,0,0,0,0,0,0,0,0,0,0,0,0,0,0,0,0,0,0,0,0,0,0,0,0,0,0,0,0,0,0,0,0,0,0,0,0,0,0,0,0,0,0,0,0,0,0,0,0,0,0,0,0,0,0,0,0,0,0,0,0,0,0,0,0,0,0,0,0,0
1,91,101305,6637,100130,23506,14766,7770,546.5,546.5,20293,17794.5,17794.5,39568,25963.68,25963.68,25963.68,69536.5,69536.5,20876,14693,63334,399002,22569.41,22569.41,22569.41,604933,175289,21794,130443,130443,266092.25,266092.25,266092.25,266092.25,474495,474495,0,272518,4482159,0,0,0,0,0,0,0,4482159,0,0,0,0,4482159,0,0,0,0,0,0,0,0,0,0,0,0,0,0,0,0,0,0,0,0,0,0,0,0,0,0,0,0,0,0,0,0,0,0,0,0,0,0,0,0,0,0,0,0,0,0,0,0,0,0,0,0,0,0,0,0,0,0,0,0,0,0,0,0,0,0,0,0,0,0,0,0,0,0,0,0,0,0,0,0,0,0,0,0,0,0,0,0,0,0,0,0,0,0,0,0,0,0,0,0,0,0,0,0,0,0,0,0,0,0,0,0,0,0,0,0,0
1,92,212566,3781,69598,91,16478,4923,109,109,6682,12209,12209,7389,11759.57,11759.57,11759.57,8298,8298,15596,2720,14776,14527,21176.47,21176.47,21176.47,46957,132354,591611,-14509.5,-14509.5,80304.75,80304.75,80304.75,80304.75,3022,3022,0,-21572,1556860,0,0,0,0,0,0,0,1556860,0,0,0,0,1556860,0,0,0,0,0,0,0,0,0,0,0,0,0,0,0,0,0,0,0,0,0,0,0,0,0,0,0,0,0,0,0,0,0,0,0,0,0,0,0,0,0,0,0,0,0,0,0,0,0,0,0,0,0,0,0,0,0,0,0,0,0,0,0,0,0,0,0,0,0,0,0,0,0,0,0,0,0,0,0,0,0,0,0,0,0,0,0,0,0,0,0,0,0,0,0,0,0,0,0,0,0,0,0,0,0,0,0,0,0,0,0,0,0,0,0,0,0
1,93,87193,3214,30974,3214,11923,6785,280,280,7983,30910,30910,6681,9718.94,9718.94,9718.94,18512.5,18512.5,6544,3366,11677,93605,39098.2,39098.2,39098.2,92337,57690,365406,55345,55345,69640,69640,69640,69640,211052.5,211052.5,0,33650,1879600,0,0,0,0,0,0,0,1879600,0,0,0,0,1879600,0,0,0,0,0,0,0,0,0,0,0,0,0,0,0,0,0,0,0,0,0,0,0,0,0,0,0,0,0,0,0,0,0,0,0,0,0,0,0,0,0,0,0,0,0,0,0,0,0,0,0,0,0,0,0,0,0,0,0,0,0,0,0,0,0,0,0,0,0,0,0,0,0,0,0,0,0,0,0,0,0,0,0,0,0,0,0,0,0,0,0,0,0,0,0,0,0,0,0,0,0,0,0,0,0,0,0,0,0,0,0,0,0,0,0,0,0
1,94,28487,2339,99673,2679,4634,1958,90.5,90.5,4462,9232,9232,5030,2267.07,2267.07,2267.07,6019,6019,3168,1125,7766,42399,7918.07,7918.07,7918.07,78576,20515,55756,19114.5,19114.5,21656.75,21656.75,21656.75,21656.75,2933,2933,0,36207,586765,0,0,0,0,0,0,0,586765,0,0,0,0,586765,0,0,0,0,0,0,0,0,0,0,0,0,0,0,0,0,0,0,0,0,0,0,0,0,0,0,0,0,0,0,0,0,0,0,0,0,0,0,0,0,0,0,0,0,0,0,0,0,0,0,0,0,0,0,0,0,0,0,0,0,0,0,0,0,0,0,0,0,0,0,0,0,0,0,0,0,0,0,0,0,0,0,0,0,0,0,0,0,0,0,0,0,0,0,0,0,0,0,0,0,0,0,0,0,0,0,0,0,0,0,0,0,0,0,0,0,0
1,95,-11585,-3,-5191,-9,-5,-2,0,0,-7,-12,-12,-14,-10.32,-10.32,-10.32,-25.5,-25.5,-9,-5,-29,-5897,-1303.37,-1303.37,-1303.37,-727,-9606,-563,-1421,-1421,-10135,-10135,-10135,-10135,-25,-25,0,-12,-81116,0,0,0,0,0,0,0,-81116,0,0,0,0,-81116,0,0,0,0,0,0,0,0,0,0,0,0,0,0,0,0,0,0,0,0,0,0,0,0,0,0,0,0,0,0,0,0,0,0,0,0,0,0,0,0,0,0,0,0,0,0,0,0,0,0,0,0,0,0,0,0,0,0,0,0,0,0,0,0,0,0,0,0,0,0,0,0,0,0,0,0,0,0,0,0,0,0,0,0,0,0,0,0,0,0,0,0,0,0,0,0,0,0,0,0,0,0,0,0,0,0,0,0,0,0,0,0,0,0,0,0,0
1,96,421472,18237,302354,30554,50083,23475,1115,1115,40938,71573.5,71573.5,61666,51869.41,51869.41,51869.41,108674.5,108674.5,48505,22861,101724,561411,92297.94,92297.94,92297.94,852085,393732,1035738,204415,204415,441401.75,441401.75,441401.75,441401.75,702212.5,702212.5,0,346407,8685765,0,0,0,0,0,0,0,8685765,0,0,0,0,8685765,0,0,0,0,0,0,0,0,0,0,0,0,0,0,0,0,0,0,0,0,0,0,0,0,0,0,0,0,0,0,0,0,0,0,0,0,0,0,0,0,0,0,0,0,0,0,0,0,0,0,0,0,0,0,0,0,0,0,0,0,0,0,0,0,0,0,0,0,0,0,0,0,0,0,0,0,0,0,0,0,0,0,0,0,0,0,0,0,0,0,0,0,0,0,0,0,0,0,0,0,0,0,0,0,0,0,0,0,0,0,0,0,0,0,0,0,0
1,97,644768,33853,709965,51201,139451,54535,3180,3180,88223,116832.5,116832.5,98514,81501.74,81501.74,81501.74,221217.5,221217.5,168895,49246,192627,975033,135349.18,135349.18,135349.18,1287635,570870,1163755,348312,348312,635781.25,635781.25,635781.25,635781.25,830656,830656,11365,554293,13028954,188653,3841411,2414841,774655.5,774655.5,37358,8031574,21060528,576796,0,0,8608370,21637324,-771291,0,0,7983241,0,7388,267,29670,731,7286,1456,349,349,1882,2604.5,2604.5,4394,1904.76,1904.76,1904.76,25461,25461,2508,3071,11619,33507,790.21,790.21,790.21,13427,4537,1019,4250,4250,8191.25,8191.25,8191.25,8191.25,3481.5,3481.5,1153,2565,239630,23944,185473,705,6139,6139,1566,223966,463596,0,0,0,223966,463596,0,0,0,223966,0,3146,81,11075,580,1986,2642,26,26,1712,1859,1859,3632,1901.11,1901.11,1901.11,13747.5,13747.5,5334,2261,7054,11461,684.31,684.31,684.31,2912,862,223,946,946,2730.75,2730.75,2730.75,2730.75,1322,1322,767,1070,111286,2336,37667,297,9967,9967,979,61213,172499,0,0,0,61213,172499,0,0,0,61213,0
2,1,3049,0,24300,3,7,15,1,1,0,0,0,0,0,0,0,0,0,0,0,118,187,0,0,0,17,0,0,0,0,678.5,678.5,678.5,678.5,9,9,0,0,30430,146,7652,0,131.5,131.5,153,8214,38644,0,0,0,8214,38644,0,0,0,8214,0,72252,28,163622,81,418,179,5.5,5.5,6,3,3,0,0,0,0,0,0,1,0,30221,2172,0,0,0,187,0,2,12.5,12.5,4878.25,4878.25,4878.25,4878.25,320,320,0,0,289364,1230,71554,0,936,936,20480,95136,384500,74229.54,0,0,99290,388654,0,0,0,20423,0,971,0,6372,6,0,27,0,0,0,0,0,0,0,0,0,0,0,0,0,475,51,0,0,0,4,0,0,0,0,574.5,574.5,574.5,574.5,15.5,15.5,0,0,10235,129,2649,0,98,98,82,3056,13291,0,0,0,3056,13291,0,0,0,3056,0
2,2,0,0,0,0,1,0,0,0,4,7,7,0,0,0,0,0,0,0,0,0,4,3.99,3.99,3.99,0,0,0,0,0,0,0,0,0,0,0,0,0,35,0,0,0,0,0,0,0,35,0,0,0,0,35,0,0,0,0,0,26,63,0,0,3749,1590,145245,145245,8281,14669,14669,15,7,7,7,12,12,22,1,225,17759,22826.16,22826.16,22826.16,0,0,1,0,0,2.75,2.75,2.75,2.75,58,58,0,21,420300,-161,-217,0,-27,-27,-1637,-2069,418231,848,0,0,-1221,419079,-392248.69,0,0,-397548,0,0,0,0,0,0,3,0,0,8,23.5,23.5,0,0,0,0,0,0,0,0,0,11,35.62,35.62,35.62,0,0,0,0,0,0,0,0,0,0,0,0,0,176,0,0,0,0,0,0,0,176,0,0,0,0,176,0,0,0,0,0
2,3,12992,0,14882,7,111,71,0,0,4,0,0,0,0,0,0,0,0,0,0,17,0,0,0,0,31,0,0,3.5,3.5,3668.75,3668.75,3668.75,3668.75,47.5,47.5,0,25,42917,1955,70734,1012,0,0,803,74504,117421,0,0,0,74504,117421,0,0,0,74504,0,21301,0,60390,87,526,272,1,1,32,0,0,0,0,0,0,0,0,0,0,45,0,0,0,0,178,0,0,30.5,30.5,15664.25,15664.25,15664.25,15664.25,219.5,219.5,0,64,146054,9182,314734,4315,0,0,2514,330745,476799,82702.83,0,0,337239,483293,0,0,0,230103,0,3881,0,14097,44,40,340,0,0,12,0,0,0,0,0,0,0,0,0,0,391,0,0,0,0,27,0,0,1,1,3319.25,3319.25,3319.25,3319.25,76,76,0,39,32302,2333,57423,1436,0,0,427,61619,93921,0,0,0,61619,93921,0,0,0,61619,0
2,4,93,7,31,299,20,5,3,3,8,2.5,2.5,10,7,7,7,50.5,50.5,19,7,18,99,4.33,4.33,4.33,204,33,0,21.5,21.5,98.5,98.5,98.5,98.5,40,40,8,13,1537,67,3233,0,46.5,46.5,0,3393,4930,0,0,0,3393,4930,0,0,0,3393,0,1074,85,446,6089,417,69,21.5,21.5,172,98,98,122,92.24,92.24,92.24,878,878,87,72,880,1913,71.27,71.27,71.27,4158,703,20,443.5,443.5,1620,1620,1620,1620,767,767,213,183,28090,1149,48856,0,826.5,826.5,-2050,49608,77698,3656,0,0,53264,81354,-41244.47,0,0,-17836,0,28,0,17,276,6,8,0.5,0.5,11,2,2,4,3.33,3.33,3.33,44.5,44.5,1,4,35,41,2,2,2,99,22,0,6.5,6.5,49.5,49.5,49.5,49.5,25.5,25.5,3,7,934,37,1240,0,66.5,66.5,0,1410,2344,0,0,0,1410,2344,0,0,0,1410,0
2,5,555,0,806,22,3610,115,0,0,109,1.5,1.5,38,9.66,9.66,9.66,123.5,123.5,12,34,796,282,2,2,2,652,81,12,78.5,78.5,293,293,293,293,70.5,70.5,848,64,9791,95,319,0,0,0,27,441,10232,0,0,0,441,10232,0,0,0,441,0,1574,0,4863,159,32981,549,0.5,0.5,689,85.5,85.5,139,66.27,66.27,66.27,1603,1603,51,107,7469,1867,17.32,17.32,17.32,5508,661,89,549,549,2129.5,2129.5,2129.5,2129.5,561,561,6049,376,77498,718,2990,0,0,0,779,4487,81985,106556.58,0,0,6325,83823,0,0,0,-8891,0,809,0,1540,95,4658,939,0,0,790,13.5,13.5,54,18.98,18.98,18.98,584.5,584.5,27,91,1618,423,3.33,3.33,3.33,910,147,28,98.5,98.5,302.5,302.5,302.5,302.5,164.5,164.5,1619,149,16896,166,586,0,0,0,80,832,17728,0,0,0,832,17728,0,0,0,832,0
2,6,614,9,122,50,161,268,4.5,4.5,20,26.5,26.5,30,12.99,12.99,12.99,74,74,58,10,342,98,16.32,16.32,16.32,0,0,0,2,2,719.5,719.5,719.5,719.5,30,30,10,22,5054,59,881,0,0,0,0,940,5994,0,0,0,940,5994,0,0,0,940,0,6107,52,1279,1031,2084,7400,98,98,864,434,434,379,212.13,212.13,212.13,2322,2322,429,114,11600,1539,254.75,254.75,254.75,13,16,16,62.5,62.5,9490.25,9490.25,9490.25,9490.25,541,541,171,209,79581,964,14578,0,0,0,-153,15389,94970,13861,0,0,29250,108831,-58037.03,0,0,-35876,0,762,4,192,340,144,2835,5,5,345,27,27,55,22.98,22.98,22.98,396.5,396.5,86,31,2272,113,28.31,28.31,28.31,0,0,0,3,3,886.25,886.25,886.25,886.25,104,104,19,50,12018,101,1215,0,0,0,24,1340,13358,0,0,0,1340,13358,0,0,0,1340,0
2,7,2285,476,952.5,43.5,158.5,254,272.25,272.25,463,193,193,262.5,59.77,59.77,59.77,193.25,193.25,242.5,46.5,407.5,5009.5,484.35,484.35,484.35,2598.5,210.5,152,3062.25,3062.25,890.86,890.86,890.86,890.86,913,913,0,267.5,28294.5,83.5,18355.5,0,0,0,53,18492,46786.5,0,0,0,18492,46786.5,0,0,0,18492,0,2163,324.5,781.5,33,319.5,502.5,1200.25,1200.25,386.5,211,211,150.5,33.47,33.47,33.47,145.5,145.5,77.5,21.5,420.5,3988,962.87,962.87,962.87,4016.5,258.5,220.5,3101.5,3101.5,825.13,825.13,825.13,825.13,1399.75,1399.75,0,257.5,32330,89,17678,0,0,0,-1092,16675,49005,76824.33,0,0,20888.5,53218.5,0,0,0,6068.5,0,2398.5,763,1125.5,190.5,108,679,166,166,1135.5,177.5,177.5,257,118.72,118.72,118.72,538,538,159,87,1016,4482.5,2055.94,2055.94,2055.94,4467,405,210.5,2998.75,2998.75,927.5,927.5,927.5,927.5,1811,1811,0,477,39584,90,18670,0,0,0,8.5,18768.5,58352.5,0,0,0,18768.5,58352.5,0,0,0,18768.5,0
2,8,2285,476,952.5,43.5,158.5,254,272.25,272.25,463,193,193,262.5,59.77,59.77,59.77,193.25,193.25,242.5,46.5,407.5,5009.5,484.35,484.35,484.35,2598.5,210.5,152,3062.25,3062.25,890.86,890.86,890.86,890.86,913,913,0,267.5,28294.5,83.5,18355.5,0,0,0,53,18492,46786.5,0,0,0,18492,46786.5,0,0,0,18492,0,2163,324.5,781.5,33,319.5,502.5,1200.25,1200.25,386.5,211,211,150.5,33.47,33.47,33.47,145.5,145.5,77.5,21.5,420.5,3988,962.87,962.87,962.87,4016.5,258.5,220.5,3101.5,3101.5,825.13,825.13,825.13,825.13,1399.75,1399.75,0,257.5,32330,89,17678,0,0,0,-1092,16675,49005,76824.33,0,0,20888.5,53218.5,0,0,0,6068.5,0,2398.5,763,1125.5,190.5,108,679,166,166,1135.5,177.5,177.5,257,118.72,118.72,118.72,538,538,159,87,1016,4482.5,2055.94,2055.94,2055.94,4467,405,210.5,2998.75,2998.75,927.5,927.5,927.5,927.5,1811,1811,0,477,39584,90,18670,0,0,0,8.5,18768.5,58352.5,0,0,0,18768.5,58352.5,0,0,0,18768.5,0
2,9,44,0,58,0,15,26,5,5,381,45,45,24,17.66,17.66,17.66,207,207,241,116,39,3199,4.33,4.33,4.33,22,0,1,0,0,49,49,49,49,25.5,25.5,4,25,5022,15,130,0,0,0,45,190,5212,0,0,0,190,5212,0,0,0,190,0,429,8,1215,23,198,294,30.5,30.5,4452,961.5,961.5,264,228.44,228.44,228.44,5669.5,5669.5,187,921,746,40877,83.91,83.91,83.91,341,11,32,14,14,578.25,578.25,578.25,578.25,335.5,335.5,61,176,67508,215,2593,0,0,0,844,3652,71160,25878.14,0,0,18540,86048,0,0,0,5149,0,66,0,189,13,6,338,6,6,994,55.5,55.5,48,62.27,62.27,62.27,901.5,901.5,45,223,321,4896,12.99,12.99,12.99,42,0,6,1.5,1.5,72.5,72.5,72.5,72.5,63.5,63.5,9,60,9828,32,248,0,0,0,170,450,10278,0,0,0,450,10278,0,0,0,450,0
2,10,1,0.5,6.5,0,0,1.5,0,0,34.5,717.75,717.75,880.5,159.67,159.67,159.67,159.25,159.25,338,35,30.5,962,0.67,0.67,0.67,0,0,0,0.75,0.75,4.11,4.11,4.11,4.11,1,1,0,30,4575.5,0,12.5,0,11,11,73.5,108,4683.5,0,0,0,108,4683.5,0,0,0,108,0,10,15,220.5,1,3.5,211.5,0.75,0.75,314.5,16226.5,16226.5,10367.5,1439.39,1439.39,1439.39,5607,5607,3198,497.5,828.5,9305.5,39.14,39.14,39.14,11.5,0,0,10.75,10.75,153.37,153.37,153.37,153.37,34.5,34.5,11,219.5,74027.5,11.5,249.5,0,-1345.5,-1345.5,810.5,-1619.5,72408,56426.5,0,0,54807,128834.5,-16467.84,0,0,24269,0,1.5,4,19,0.5,0.5,48,0,0,126.5,1280.75,1280.75,3778,991.34,991.34,991.34,1391,1391,1500.5,142,470,2059,6.34,6.34,6.34,0,0,0,3.25,3.25,5.87,5.87,5.87,5.87,1.25,1.25,0,115,16636.5,0,10,0,76.5,76.5,139.5,302.5,16939,0,0,0,302.5,16939,0,0,0,302.5,0
2,11,1,0.5,6.5,0,0,1.5,0,0,34.5,717.75,717.75,880.5,159.67,159.67,159.67,159.25,159.25,338,35,30.5,962,0.67,0.67,0.67,0,0,0,0.75,0.75,4.11,4.11,4.11,4.11,1,1,0,30,4575.5,0,12.5,0,11,11,73.5,108,4683.5,0,0,0,108,4683.5,0,0,0,108,0,10,15,220.5,1,3.5,211.5,0.75,0.75,314.5,16226.5,16226.5,10367.5,1439.39,1439.39,1439.39,5607,5607,3198,497.5,828.5,9305.5,39.14,39.14,39.14,11.5,0,0,10.75,10.75,153.37,153.37,153.37,153.37,34.5,34.5,11,219.5,74027.5,11.5,249.5,0,-1345.5,-1345.5,810.5,-1619.5,72408,56426.5,0,0,54807,128834.5,-16467.84,0,0,24269,0,1.5,4,19,0.5,0.5,48,0,0,126.5,1280.75,1280.75,3778,991.34,991.34,991.34,1391,1391,1500.5,142,470,2059,6.34,6.34,6.34,0,0,0,3.25,3.25,5.87,5.87,5.87,5.87,1.25,1.25,0,115,16636.5,0,10,0,76.5,76.5,139.5,302.5,16939,0,0,0,302.5,16939,0,0,0,302.5,0
2,12,32,31,317,10,13,26,1,1,27,6.5,6.5,300,99.57,99.57,99.57,161.5,161.5,74,71,68,3333,2.67,2.67,2.67,158,1,8,16.5,16.5,29.25,29.25,29.25,29.25,102.5,102.5,0,14,5483,16,242,0,77,77,30,442,5925,0,0,0,442,5925,0,0,0,442,0,136,104,1596,28,63,195,22.5,22.5,228,53,53,1875,471.54,471.54,471.54,1712,1712,445,163,993,19453,25.97,25.97,25.97,1070,12,74,113,113,207.25,207.25,207.25,207.25,447.5,447.5,7,61,33522,96,1167,7,200.5,200.5,108,1779,35301,100249,0,0,25523,59045,0,0,0,43648,0,42,30,977,36,13,409,1.5,1.5,139,32.5,32.5,901,435.9,435.9,435.9,1420.5,1420.5,308,189,785,3645,21.98,21.98,21.98,265,3,26,35.5,35.5,58.5,58.5,58.5,58.5,131.5,131.5,0,42,12662,40,357,0,147.5,147.5,135,827,13489,0,0,0,827,13489,0,0,0,827,0
2,13,0,0.66,0,0,0,0,0,0,0.33,0.17,0.17,0.67,79.85,79.85,79.85,8,8,12.33,5.66,0.66,6.67,0.88,0.88,0.88,0,0,0,0,0,28.31,28.31,28.31,28.31,0.34,0.34,15.32,0,414.91,1,11.31,0,550.61,550.61,11.32,1124.87,1539.79,0,0,0,1124.87,1539.79,0,0,0,1124.87,0,3,18.65,0,0,0,1,0.33,0.33,24.31,10.99,10.99,34.97,1836.88,1836.88,1836.88,316.68,316.68,264.07,75.27,78.92,821.51,38.47,38.47,38.47,3.33,0,0,9.66,9.66,965.62,965.62,965.62,965.62,17.98,17.98,106.23,2.66,11639.36,7.99,168.17,0,6290.03,6290.03,-274.73,12481.51,24120.86,45477.48,0,0,57958.98,69598.34,-2704.08,0,0,48518.44,0,0,0.33,0,0,0,0,0,0,2.01,0.84,0.84,1.66,177.42,177.42,177.42,44.45,44.45,29.3,7.33,11.33,44.29,2.32,2.32,2.32,0,0,0,0,0,26.4,26.4,26.4,26.4,0.84,0.84,6,0,839.83,0.33,7.33,0,730.26,730.26,38.97,1507.16,2346.98,0,0,0,1507.16,2346.98,0,0,0,1507.16,0
2,14,0,0.66,0,0,0,0,0,0,0.33,0.17,0.17,0.67,79.85,79.85,79.85,8,8,12.33,5.66,0.66,6.67,0.88,0.88,0.88,0,0,0,0,0,28.31,28.31,28.31,28.31,0.34,0.34,15.32,0,414.91,1,11.31,0,550.61,550.61,11.32,1124.87,1539.79,0,0,0,1124.87,1539.79,0,0,0,1124.87,0,3,18.65,0,0,0,1,0.33,0.33,24.31,10.99,10.99,34.97,1836.88,1836.88,1836.88,316.68,316.68,264.07,75.27,78.92,821.51,38.47,38.47,38.47,3.33,0,0,9.66,9.66,965.62,965.62,965.62,965.62,17.98,17.98,106.23,2.66,11639.36,7.99,168.17,0,6290.03,6290.03,-274.73,12481.51,24120.86,45477.48,0,0,57958.98,69598.34,-2704.08,0,0,48518.44,0,0,0.33,0,0,0,0,0,0,2.01,0.84,0.84,1.66,177.42,177.42,177.42,44.45,44.45,29.3,7.33,11.33,44.29,2.32,2.32,2.32,0,0,0,0,0,26.4,26.4,26.4,26.4,0.84,0.84,6,0,839.83,0.33,7.33,0,730.26,730.26,38.97,1507.16,2346.98,0,0,0,1507.16,2346.98,0,0,0,1507.16,0
2,15,0,0.66,0,0,0,0,0,0,0.33,0.17,0.17,0.67,79.85,79.85,79.85,8,8,12.33,5.66,0.66,6.67,0.88,0.88,0.88,0,0,0,0,0,28.31,28.31,28.31,28.31,0.34,0.34,15.32,0,414.91,1,11.31,0,550.61,550.61,11.32,1124.87,1539.79,0,0,0,1124.87,1539.79,0,0,0,1124.87,0,3,18.65,0,0,0,1,0.33,0.33,24.31,10.99,10.99,34.97,1836.88,1836.88,1836.88,316.68,316.68,264.07,75.27,78.92,821.51,38.47,38.47,38.47,3.33,0,0,9.66,9.66,965.62,965.62,965.62,965.62,17.98,17.98,106.23,2.66,11639.36,7.99,168.17,0,6290.03,6290.03,-274.73,12481.51,24120.86,45477.48,0,0,57958.98,69598.34,-2704.08,0,0,48518.44,0,0,0.33,0,0,0,0,0,0,2.01,0.84,0.84,1.66,177.42,177.42,177.42,44.45,44.45,29.3,7.33,11.33,44.29,2.32,2.32,2.32,0,0,0,0,0,26.4,26.4,26.4,26.4,0.84,0.84,6,0,839.83,0.33,7.33,0,730.26,730.26,38.97,1507.16,2346.98,0,0,0,1507.16,2346.98,0,0,0,1507.16,0
2,16,7.5,0.5,0.5,0,0,0,0,0,0,0.25,0.25,17,190.64,190.64,190.64,2602.5,2602.5,730,347.5,3.5,301.5,0,0,0,12,1,0,1,1,127.37,127.37,127.37,127.37,99.75,99.75,21,6.5,7937.5,35.5,648,0,1614.5,1614.5,52,3964.5,11902,0,0,0,3964.5,11902,0,0,0,3964.5,0,34.5,2.5,4,0.5,2,2,0.25,0.25,0.5,7.5,7.5,62,1232.6,1232.6,1232.6,38105,38105,1408,3638,125.5,2381.5,5.82,5.82,5.82,150.5,34,13,37.5,37.5,1381.63,1381.63,1381.63,1381.63,989.75,989.75,163,33,95580,4588.5,22146,0,10167.75,10167.75,-1696,45374,140954,261831.2,0,0,170811,266391,0,0,0,90267.5,0,6,0.5,2,0,0,2,0,0,0,0,0,15.5,231.78,231.78,231.78,6476.75,6476.75,1253,653,51,765.5,0.83,0.83,0.83,30.5,0.5,0.5,1,1,123.38,123.38,123.38,123.38,48.75,48.75,9.5,27.5,17062,60.5,1089.5,0,3422.25,3422.25,173.5,8168,25230,0,0,0,8168,25230,0,0,0,8168,0
2,17,7.5,0.5,0.5,0,0,0,0,0,0,0.25,0.25,17,190.64,190.64,190.64,2602.5,2602.5,730,347.5,3.5,301.5,0,0,0,12,1,0,1,1,127.37,127.37,127.37,127.37,99.75,99.75,21,6.5,7937.5,35.5,648,0,1614.5,1614.5,52,3964.5,11902,0,0,0,3964.5,11902,0,0,0,3964.5,0,34.5,2.5,4,0.5,2,2,0.25,0.25,0.5,7.5,7.5,62,1232.6,1232.6,1232.6,38105,38105,1408,3638,125.5,2381.5,5.82,5.82,5.82,150.5,34,13,37.5,37.5,1381.63,1381.63,1381.63,1381.63,989.75,989.75,163,33,95580,4588.5,22146,0,10167.75,10167.75,-1696,45374,140954,261831.2,0,0,170811,266391,0,0,0,90267.5,0,6,0.5,2,0,0,2,0,0,0,0,0,15.5,231.78,231.78,231.78,6476.75,6476.75,1253,653,51,765.5,0.83,0.83,0.83,30.5,0.5,0.5,1,1,123.38,123.38,123.38,123.38,48.75,48.75,9.5,27.5,17062,60.5,1089.5,0,3422.25,3422.25,173.5,8168,25230,0,0,0,8168,25230,0,0,0,8168,0
2,18,5,0,0,0,0,0,0,0,0,0,0,0,0,0,0,0,0,36415,0,0,0,0,0,0,1,0,0,1,1,738,738,738,738,4.5,4.5,0,0,39384,0,7164,0,2773.5,2773.5,870,13581,52965,0,0,0,13581,52965,0,0,0,13581,0,1996,4,1,0,0,0,0,0,1,0,0,0,0.66,0.66,0.66,0,0,13129,0,3,11,0.33,0.33,0.33,5,3,0,4566,4566,1372.5,1372.5,1372.5,1372.5,9082.5,9082.5,0,2,47945,0,9488,0,4848,4848,642,19826,67771,10402,0,0,30228,78173,-36793.07,0,0,-14865,0,1,0,0,0,0,0,0,0,0,0,0,0,0.33,0.33,0.33,0,0,1860,0,0,0,0,0,0,0,0,0,92.5,92.5,98,98,98,98,271.5,271.5,0,0,2982,0,874,0,955.5,955.5,7,2792,5774,0,0,0,2792,5774,0,0,0,2792,0
2,19,0,0,0,0,0,0,0,0,0,0,0,0,9.33,9.33,9.33,3.5,3.5,6,58,0,1,0,0,0,38,0,0,0,0,55.25,55.25,55.25,55.25,8,8,0,0,375,4,303,0,325,325,24,981,1356,0,0,0,981,1356,0,0,0,981,0,54,1,0,1,15,2,0,0,3,0,0,4,237.1,237.1,237.1,249,249,48,850,30,89,5.33,5.33,5.33,1371,35,7,19.5,19.5,1328.75,1328.75,1328.75,1328.75,207.5,207.5,0,3,9508,162,10851,3,3298.5,3298.5,-359,17254,26762,36881.43,0,0,38659,48167,0,0,0,16685,0,0,0,0,0,0,0,0,0,0,0,0,0,16.33,16.33,16.33,38.5,38.5,3,137,4,7,0,0,0,36,0,0,0,0,54.5,54.5,54.5,54.5,8.5,8.5,0,0,548,7,395,0,346.5,346.5,0,1095,1643,0,0,0,1095,1643,0,0,0,1095,0
2,20,650,28,2031,229,2141,200,1,1,124,130.5,130.5,145,211.79,211.79,211.79,913,913,1130,485,4570,6808,214.11,214.11,214.11,2691,2229,40,402.5,402.5,1470,1470,1470,1470,2255.5,2255.5,317,192,38574,307,3221,4,688,688,427,5335,43909,0,0,0,5335,43909,0,0,0,5335,0,1978,174,7324,1205,14744,830,39.5,39.5,899,1761,1761,693,832.18,832.18,832.18,6485.5,6485.5,1536,1122,38228,41873,1294.37,1294.37,1294.37,13121,10377,378,2372.5,2372.5,8117,8117,8117,8117,11186,11186,1684,1035,219744,2190,32661,49,7654,7654,2251,52459,272203,22842.7,0,0,72599,292343,0,0,0,-39548,0,362,19,2669,666,939,1184,0.5,0.5,632,494,494,204,225.12,225.12,225.12,4045.5,4045.5,1091,899,11538,8196,951.05,951.05,951.05,2977,3184,36,522,522,1606.75,1606.75,1606.75,1606.75,4971,4971,601,274,65496,570,4623,7,3621.5,3621.5,509,12952,78448,0,0,0,12952,78448,0,0,0,12952,0
2,21,0,0,0,0,0,0,0,0,0,0,0,0,0,0,0,0,0,0,0,0,0,0,0,0,0,0,0,0,0,0,0,0,0,0,0,0,0,0,0,0,0,0,0,0,0,0,0,0,0,0,0,0,0,0,0,0,2712,211,1290,370,1912,585,139.5,139.5,1565,1035,1035,2062,238.1,238.1,238.1,3019,3019,256,301,1404,3695,9244.08,9244.08,9244.08,12954,3076,70867,5401,5401,4138.5,4138.5,4138.5,4138.5,12731.5,12731.5,0,3437,196378,0,0,0,818448.5,818448.5,0,1636897,1833275,0,0,0,1636897,1833275,-526589.97,0,0,1636897,0,0,0,0,0,0,0,0,0,0,0,0,0,0,0,0,0,0,0,0,0,0,0,0,0,0,0,0,0,0,0,0,0,0,0,0,0,0,0,0,0,0,0,0,0,0,0,0,0,0,0,0,0,0,0,0,0
2,22,17.98,3.66,31.97,2.67,28.64,6.33,0.33,0.33,20.98,17.32,17.32,13.66,4.43,4.43,4.43,23.64,23.64,16.98,5.33,17.65,19.32,19.85,19.85,19.85,96.9,6.66,7.66,20.48,20.48,33.8,33.8,33.8,33.8,37.29,37.29,0,16.98,719.62,0.33,360.3,0,0,0,0,360.64,1080.25,0,0,0,360.64,1080.25,0,0,0,360.64,0,1246.42,326.01,4485.18,241.43,6143.19,1091.24,452.54,452.54,889.78,2064.1,2064.1,915.75,338.65,338.65,338.65,3037.63,3037.63,709.62,283.72,2399.59,3516.14,4301.71,4301.71,4301.71,13728.93,1599.06,1296.7,3640.53,3640.53,7105.47,7105.47,7105.47,7105.47,9802.02,9802.02,0,3608.73,122832.05,56.28,60850.42,4525.14,0,0,0,65431.83,188263.88,1911.81,0,0,65581.68,188413.73,0,0,0,72988.94,0,78.59,27.3,216.44,35.3,183.14,338.66,2.16,2.16,192.8,191.47,191.47,151.85,38.81,38.81,38.81,326.68,326.68,169.82,65.27,332.67,110.56,756.6,756.6,756.6,750.92,52.28,50.28,128.87,128.87,255.16,255.16,255.16,255.16,441.72,441.72,0,115.21,8462.2,2.33,2434.56,0,0,0,0,2436.88,10899.09,0,0,0,2436.88,10899.09,0,0,0,2436.88,0
2,23,17.98,3.66,31.97,2.67,28.64,6.33,0.33,0.33,20.98,17.32,17.32,13.66,4.43,4.43,4.43,23.64,23.64,16.98,5.33,17.65,19.32,19.85,19.85,19.85,96.9,6.66,7.66,20.48,20.48,33.8,33.8,33.8,33.8,37.29,37.29,0,16.98,719.62,0.33,360.3,0,0,0,0,360.64,1080.25,0,0,0,360.64,1080.25,0,0,0,360.64,0,1246.42,326.01,4485.18,241.43,6143.19,1091.24,452.54,452.54,889.78,2064.1,2064.1,915.75,338.65,338.65,338.65,3037.63,3037.63,709.62,283.72,2399.59,3516.14,4301.71,4301.71,4301.71,13728.93,1599.06,1296.7,3640.53,3640.53,7105.47,7105.47,7105.47,7105.47,9802.02,9802.02,0,3608.73,122832.05,56.28,60850.42,4525.14,0,0,0,65431.83,188263.88,1911.81,0,0,65581.68,188413.73,0,0,0,72988.94,0,78.59,27.3,216.44,35.3,183.14,338.66,2.16,2.16,192.8,191.47,191.47,151.85,38.81,38.81,38.81,326.68,326.68,169.82,65.27,332.67,110.56,756.6,756.6,756.6,750.92,52.28,50.28,128.87,128.87,255.16,255.16,255.16,255.16,441.72,441.72,0,115.21,8462.2,2.33,2434.56,0,0,0,0,2436.88,10899.09,0,0,0,2436.88,10899.09,0,0,0,2436.88,0
2,24,17.98,3.66,31.97,2.67,28.64,6.33,0.33,0.33,20.98,17.32,17.32,13.66,4.43,4.43,4.43,23.64,23.64,16.98,5.33,17.65,19.32,19.85,19.85,19.85,96.9,6.66,7.66,20.48,20.48,33.8,33.8,33.8,33.8,37.29,37.29,0,16.98,719.62,0.33,360.3,0,0,0,0,360.64,1080.25,0,0,0,360.64,1080.25,0,0,0,360.64,0,1246.42,326.01,4485.18,241.43,6143.19,1091.24,452.54,452.54,889.78,2064.1,2064.1,915.75,338.65,338.65,338.65,3037.63,3037.63,709.62,283.72,2399.59,3516.14,4301.71,4301.71,4301.71,13728.93,1599.06,1296.7,3640.53,3640.53,7105.47,7105.47,7105.47,7105.47,9802.02,9802.02,0,3608.73,122832.05,56.28,60850.42,4525.14,0,0,0,65431.83,188263.88,1911.81,0,0,65581.68,188413.73,0,0,0,72988.94,0,78.59,27.3,216.44,35.3,183.14,338.66,2.16,2.16,192.8,191.47,191.47,151.85,38.81,38.81,38.81,326.68,326.68,169.82,65.27,332.67,110.56,756.6,756.6,756.6,750.92,52.28,50.28,128.87,128.87,255.16,255.16,255.16,255.16,441.72,441.72,0,115.21,8462.2,2.33,2434.56,0,0,0,0,2436.88,10899.09,0,0,0,2436.88,10899.09,0,0,0,2436.88,0
2,25,2384,175,5679,426,1060,279,46,46,392,364,364,745,575.09,575.09,575.09,1479.5,1479.5,1501,540,1598,6820,179.49,179.49,179.49,2284,316,94,441,441,3133.5,3133.5,3133.5,3133.5,997,997,408,211,46367,1959,58042,9,7984,7984,240,76218,122585,0,0,0,76218,122585,0,0,0,76218,0,15542,1191,49973,4719,9100,3412,1153,1153,3731,4878.5,4878.5,6695,4173.82,4173.82,4173.82,19086.5,19086.5,7385,3232,23717,68858,2717.61,2717.61,2717.61,28880,3588,1303,4600.5,4600.5,30453.25,30453.25,30453.25,30453.25,10652,10652,4279,1993,460847,20694,719514,102,83612,83612,2366,909900,1370747,473307.93,0,0,1116896,1577743,0,0,0,946489,0,1983,154,5916,1165,1552,2181,38.5,38.5,1069,737,737,1215,838.17,838.17,838.17,6855.5,6855.5,2581,1107,5477,3959,758.24,758.24,758.24,2627,455,136,549,549,3379.75,3379.75,3379.75,3379.75,1725,1725,628,362,70690,2792,72370,10,12501.5,12501.5,369,100544,171234,0,0,0,100544,171234,0,0,0,100544,0
2,26,12,4,5,3,4,1,0,0,3,1.5,1.5,1,0.33,0.33,0.33,1.5,1.5,2,1,1,21,3.99,3.99,3.99,87,63,55,13,13,13.25,13.25,13.25,13.25,4.5,4.5,0,104,474,0,275,0,0,0,0,275,749,0,0,0,275,749,0,0,0,275,0,8616,2394,6982,2567,3638,2151,835.5,835.5,3223,2084.5,2084.5,3547,1293.37,1293.37,1293.37,4602.5,4602.5,1295,1943,9756,26051,4994.67,4994.67,4994.67,120630,92531,83616,16388.5,16388.5,21343,21343,21343,21343,5176,5176,0,104140,635509,6,253544,0,0,0,0,253550,889059,1521,0,0,255071,890580,-69045.01,0,0,313390,0,28,9,24,19,6,23,0,0,18,8,8,9,6.32,6.32,6.32,32.5,32.5,7,17,48,49,55.95,55.95,55.95,223,203,206,34.5,34.5,41.25,41.25,41.25,41.25,23,23,0,309,1746,0,943,0,0,0,0,943,2689,0,0,0,943,2689,0,0,0,943,0
2,27,0,0,0,0,0,0,0,0,0,0,0,0,0,0,0,0,0,0,0,0,0,0,0,0,1,0,0,0,0,0,0,0,0,0,0,0,1,2,0,46,0,0,0,0,46,48,0,0,0,46,48,0,0,0,46,0,178,271,931,231,420,254,28,28,347,201,201,559,233.44,233.44,233.44,847.5,847.5,112,202,1066,3603,1088.24,1088.24,1088.24,56914,11153,6973,9446,9446,8537.75,8537.75,8537.75,8537.75,3202,3202,0,32101,180884,0,1582649,1090,0,0,0,1583739,1764623,959,0,0,1584698,1765582,-33562.3,0,0,1587737,0,0,0,0,0,0,0,0,0,0,0,0,0,0,0,0,0,0,0,0,0,0,0,0,0,0,0,0,0,0,0,0,0,0,0,0,0,0,0,0,15,0,0,0,0,15,15,0,0,0,15,15,0,0,0,15,0
2,28,758.5,41,892,40.5,187,69,16.5,16.5,221.5,72,72,161,71.59,71.59,71.59,240.75,240.75,330,48.5,479.5,1605,80.41,80.41,80.41,850.5,382.5,13.5,339.5,339.5,381.99,381.99,381.99,381.99,498.75,498.75,53.5,774,11227,328.5,8150.5,3.5,273,273,52.5,9081,20308,0,0,0,9081,20308,0,0,0,9081,0,4965.5,645.5,8792.5,667,2249,1102.5,1877,1877,2169,1367.5,1367.5,1942.5,650.01,650.01,650.01,3854.75,3854.75,901,544.5,6230,25866,1811.19,1811.19,1811.19,35902,10578.5,1144.5,20575.25,20575.25,9176.75,9176.75,9176.75,9176.75,9995.25,9995.25,652,14710.5,238500,5013.5,199474.5,-1258.5,3832,3832,566,211459.5,449959.5,32892,0,0,244351.5,482851.5,-26409.59,0,0,244265.5,0,824,42.5,1886.5,232.5,485.5,818.5,27.5,27.5,669,448.75,448.75,427,191.98,191.98,191.98,1472.25,1472.25,432.5,191.5,1858.5,3008,584.76,584.76,584.76,1395.5,973,29,664,664,748.37,748.37,748.37,748.37,1121.75,1121.75,164.5,1630.5,27863,825,15256.5,8.5,894.25,894.25,127,18005.5,45868.5,0,0,0,18005.5,45868.5,0,0,0,18005.5,0
2,29,758.5,41,892,40.5,187,69,16.5,16.5,221.5,72,72,161,71.59,71.59,71.59,240.75,240.75,330,48.5,479.5,1605,80.41,80.41,80.41,850.5,382.5,13.5,339.5,339.5,381.99,381.99,381.99,381.99,498.75,498.75,53.5,774,11227,328.5,8150.5,3.5,273,273,52.5,9081,20308,0,0,0,9081,20308,0,0,0,9081,0,4965.5,645.5,8792.5,667,2249,1102.5,1877,1877,2169,1367.5,1367.5,1942.5,650.01,650.01,650.01,3854.75,3854.75,901,544.5,6230,25866,1811.19,1811.19,1811.19,35902,10578.5,1144.5,20575.25,20575.25,9176.75,9176.75,9176.75,9176.75,9995.25,9995.25,652,14710.5,238500,5013.5,199474.5,-1258.5,3832,3832,566,211459.5,449959.5,32892,0,0,244351.5,482851.5,-26409.59,0,0,244265.5,0,824,42.5,1886.5,232.5,485.5,818.5,27.5,27.5,669,448.75,448.75,427,191.98,191.98,191.98,1472.25,1472.25,432.5,191.5,1858.5,3008,584.76,584.76,584.76,1395.5,973,29,664,664,748.37,748.37,748.37,748.37,1121.75,1121.75,164.5,1630.5,27863,825,15256.5,8.5,894.25,894.25,127,18005.5,45868.5,0,0,0,18005.5,45868.5,0,0,0,18005.5,0
2,30,4.75,2.75,6.25,1.25,2.25,0.75,0.12,0.12,3,1.24,1.24,1.75,1.42,1.42,1.42,4.75,4.75,2.75,1.75,2.75,74,3.41,3.41,3.41,50.5,34.75,6.75,11.62,11.62,24.14,24.14,24.14,24.14,34.24,34.24,0,13.25,424.25,2993.75,7337,0,13.5,13.5,0,10357.75,10782,0,0,0,10357.75,10782,0,0,0,10357.75,0,4208,1158.25,5823,608.75,1687.5,1192.25,309.26,309.26,2220,1124.38,1124.38,2187.75,1185.57,1185.57,1185.57,6338.25,6338.25,1256.75,937.5,5469,36496.75,5068,5068,5068,42386,25890,7339.25,13289.26,13289.26,27943.19,27943.19,27943.19,27943.19,16239.99,16239.99,0,14375.25,358390.5,45812.75,345187.5,223669,10563.25,10563.25,-66.25,635729.5,994120,1908.75,0,0,637638.25,996028.75,-113009.96,0,0,651869.75,0,10.75,3.25,17,4,3.5,9,0.37,0.37,13.75,3.24,3.24,10.5,8.16,8.16,8.16,61.26,61.26,13.5,8.75,28,120.25,32.8,32.8,32.8,88.25,77.75,15.5,22.75,22.75,56,56,56,56,70.13,70.13,0,34.75,1121,4191.75,8753,37,27.49,27.49,0,13036.75,14157.75,0,0,0,13036.75,14157.75,0,0,0,13036.75,0
2,31,4.75,2.75,6.25,1.25,2.25,0.75,0.12,0.12,3,1.24,1.24,1.75,1.42,1.42,1.42,4.75,4.75,2.75,1.75,2.75,74,3.41,3.41,3.41,50.5,34.75,6.75,11.62,11.62,24.14,24.14,24.14,24.14,34.24,34.24,0,13.25,424.25,2993.75,7337,0,13.5,13.5,0,10357.75,10782,0,0,0,10357.75,10782,0,0,0,10357.75,0,4208,1158.25,5823,608.75,1687.5,1192.25,309.26,309.26,2220,1124.38,1124.38,2187.75,1185.57,1185.57,1185.57,6338.25,6338.25,1256.75,937.5,5469,36496.75,5068,5068,5068,42386,25890,7339.25,13289.26,13289.26,27943.19,27943.19,27943.19,27943.19,16239.99,16239.99,0,14375.25,358390.5,45812.75,345187.5,223669,10563.25,10563.25,-66.25,635729.5,994120,1908.75,0,0,637638.25,996028.75,-113009.96,0,0,651869.75,0,10.75,3.25,17,4,3.5,9,0.37,0.37,13.75,3.24,3.24,10.5,8.16,8.16,8.16,61.26,61.26,13.5,8.75,28,120.25,32.8,32.8,32.8,88.25,77.75,15.5,22.75,22.75,56,56,56,56,70.13,70.13,0,34.75,1121,4191.75,8753,37,27.49,27.49,0,13036.75,14157.75,0,0,0,13036.75,14157.75,0,0,0,13036.75,0
2,32,4.75,2.75,6.25,1.25,2.25,0.75,0.12,0.12,3,1.24,1.24,1.75,1.42,1.42,1.42,4.75,4.75,2.75,1.75,2.75,74,3.41,3.41,3.41,50.5,34.75,6.75,11.62,11.62,24.14,24.14,24.14,24.14,34.24,34.24,0,13.25,424.25,2993.75,7337,0,13.5,13.5,0,10357.75,10782,0,0,0,10357.75,10782,0,0,0,10357.75,0,4208,1158.25,5823,608.75,1687.5,1192.25,309.26,309.26,2220,1124.38,1124.38,2187.75,1185.57,1185.57,1185.57,6338.25,6338.25,1256.75,937.5,5469,36496.75,5068,5068,5068,42386,25890,7339.25,13289.26,13289.26,27943.19,27943.19,27943.19,27943.19,16239.99,16239.99,0,14375.25,358390.5,45812.75,345187.5,223669,10563.25,10563.25,-66.25,635729.5,994120,1908.75,0,0,637638.25,996028.75,-113009.96,0,0,651869.75,0,10.75,3.25,17,4,3.5,9,0.37,0.37,13.75,3.24,3.24,10.5,8.16,8.16,8.16,61.26,61.26,13.5,8.75,28,120.25,32.8,32.8,32.8,88.25,77.75,15.5,22.75,22.75,56,56,56,56,70.13,70.13,0,34.75,1121,4191.75,8753,37,27.49,27.49,0,13036.75,14157.75,0,0,0,13036.75,14157.75,0,0,0,13036.75,0
2,33,4.75,2.75,6.25,1.25,2.25,0.75,0.12,0.12,3,1.24,1.24,1.75,1.42,1.42,1.42,4.75,4.75,2.75,1.75,2.75,74,3.41,3.41,3.41,50.5,34.75,6.75,11.62,11.62,24.14,24.14,24.14,24.14,34.24,34.24,0,13.25,424.25,2993.75,7337,0,13.5,13.5,0,10357.75,10782,0,0,0,10357.75,10782,0,0,0,10357.75,0,4208,1158.25,5823,608.75,1687.5,1192.25,309.26,309.26,2220,1124.38,1124.38,2187.75,1185.57,1185.57,1185.57,6338.25,6338.25,1256.75,937.5,5469,36496.75,5068,5068,5068,42386,25890,7339.25,13289.26,13289.26,27943.19,27943.19,27943.19,27943.19,16239.99,16239.99,0,14375.25,358390.5,45812.75,345187.5,223669,10563.25,10563.25,-66.25,635729.5,994120,1908.75,0,0,637638.25,996028.75,-113009.96,0,0,651869.75,0,10.75,3.25,17,4,3.5,9,0.37,0.37,13.75,3.24,3.24,10.5,8.16,8.16,8.16,61.26,61.26,13.5,8.75,28,120.25,32.8,32.8,32.8,88.25,77.75,15.5,22.75,22.75,56,56,56,56,70.13,70.13,0,34.75,1121,4191.75,8753,37,27.49,27.49,0,13036.75,14157.75,0,0,0,13036.75,14157.75,0,0,0,13036.75,0
2,34,0,0,0,0,0,0,0,0,0,0,0,0,0,0,0,0,0,0,0,0,0,0,0,0,0,0,0,0,0,0,0,0,0,0,0,0,0,0,0,0,0,0,0,0,0,0,0,0,0,0,0,0,0,0,0,0,209.5,88,2291,187.5,1607.5,4794,259,259,2445.5,1367.75,1367.75,1273,2474.69,2474.69,2474.69,28239.75,28239.75,3512.5,2725.5,3465,1236,1896.77,1896.77,1896.77,4097,255.5,2,2401,2401,775,775,775,775,620.25,620.25,0,20174,130366.5,0,107486,842588,0,0,0,950074,1080440.5,2077.5,0,0,952151.5,1082518,-88700.44,0,0,951350.5,0,0,0,0.5,0,0,1.5,0,0,0.5,0,0,0,0.17,0.17,0.17,6.25,6.25,1,0.5,0.5,0.5,1.84,1.84,1.84,1,0.5,0,2.75,2.75,0.37,0.37,0.37,0.37,0,0,0,0.5,32.5,0,241,1022,0,0,0,1263,1295.5,0,0,0,1263,1295.5,0,0,0,1263,0
2,35,0,0,0,0,0,0,0,0,0,0,0,0,0,0,0,0,0,0,0,0,0,0,0,0,0,0,0,0,0,0,0,0,0,0,0,0,0,0,0,0,0,0,0,0,0,0,0,0,0,0,0,0,0,0,0,0,209.5,88,2291,187.5,1607.5,4794,259,259,2445.5,1367.75,1367.75,1273,2474.69,2474.69,2474.69,28239.75,28239.75,3512.5,2725.5,3465,1236,1896.77,1896.77,1896.77,4097,255.5,2,2401,2401,775,775,775,775,620.25,620.25,0,20174,130366.5,0,107486,842588,0,0,0,950074,1080440.5,2077.5,0,0,952151.5,1082518,-88700.44,0,0,951350.5,0,0,0,0.5,0,0,1.5,0,0,0.5,0,0,0,0.17,0.17,0.17,6.25,6.25,1,0.5,0.5,0.5,1.84,1.84,1.84,1,0.5,0,2.75,2.75,0.37,0.37,0.37,0.37,0,0,0,0.5,32.5,0,241,1022,0,0,0,1263,1295.5,0,0,0,1263,1295.5,0,0,0,1263,0
2,36,0,0,0,0,0,0,0,0,0,0,0,0,0,0,0,0,0,0,0,0,0,0,0,0,0,0,0,0,0,0,0,0,0,0,0,0,0,0,0,0,0,0,0,0,0,0,0,0,0,0,0,0,0,0,0,0,216,25,399,79,148,55,2,2,116,46.5,46.5,176,105.9,105.9,105.9,614,614,76,62,298,576,214.79,214.79,214.79,8098,3062,307,1064.5,1064.5,1799.5,1799.5,1799.5,1799.5,2479.5,2479.5,0,5398,35665,0,0,0,0,0,0,0,35665,0,0,0,0,35665,-18089.38,0,0,0,0,0,0,0,0,0,0,0,0,0,0,0,0,0,0,0,0,0,0,0,0,0,0,0,0,0,0,0,0,0,0,0,0,0,0,0,0,0,0,0,0,0,0,0,0,0,0,0,0,0,0,0,0,0,0,0,0
2,37,440,115,2249,340,227,684,29.5,29.5,274,189,189,314,372.63,372.63,372.63,869.5,869.5,515,236,817,6088,542.46,542.46,542.46,16663,5203,1746,5960.5,5960.5,1976.5,1976.5,1976.5,1976.5,918.5,918.5,0,0,62499,0,0,0,0,0,0,0,62499,0,0,0,0,62499,0,0,0,0,0,7925,1634,18194,4250,3287,8896,175,175,3657,1968.5,1968.5,3376,2992.68,2992.68,2992.68,11537,11537,2318,2709,12428,81918,6109.55,6109.55,6109.55,149022,41981,22942,57485.5,57485.5,24849.25,24849.25,24849.25,24849.25,14806,14806,152,88,663452,0,709,1,0,0,0,710,664162,15361.64,0,0,2300,665752,0,0,0,-20797,0,85,83,1627,760,238,1984,33,33,548,183,183,471,530.81,530.81,530.81,2267.5,2267.5,797,620,2096,7739,622.04,622.04,622.04,17256,4923,1706,5019,5019,2054.5,2054.5,2054.5,2054.5,1261.5,1261.5,0,0,70141,0,0,0,0,0,0,0,70141,0,0,0,0,70141,0,0,0,0,0
2,38,27047,1429,54304,1570,8156,2361,670,670,2860,2797.5,2797.5,4299,2538.13,2538.13,2538.13,10389,10389,43353,2553,10292,43070,2180.48,2180.48,2180.48,30264,9273,2337,13855,13855,16014.75,16014.75,16014.75,16014.75,7788,7788,1790,2931,397117,17497,237039,1032,17530,17530,3115,293743,690860,0,0,0,293743,690860,0,0,0,293743,0,177465,14064,379445,25858,107261,48007,157068.5,157068.5,50523,77368.5,77368.5,59103,34120.51,34120.51,34120.51,245967.5,245967.5,53522,31481,190567,556821,91685.55,91685.55,91685.55,701587,297824,222638,218939.5,218939.5,297144,297144,297144,297144,193301,193301,14587,288422,6570837,239294,5323728,2596491,1006247.5,1006247.5,21872,10193880,16764717,919243,0,0,11113123,17683960,-1438518,0,0,9869968,0,15757,2015,40405,4389,9354,14422,480,480,9069,5980.5,5980.5,12419,5910.41,5910.41,5910.41,37715,37715,14150,5719,32997,50707,10201.13,10201.13,10201.13,38862,12163,2837,14180.5,14180.5,17178.25,17178.25,17178.25,17178.25,16416,16416,3245,6278,541428,24933,255817,3662,28826,28826,2817,344881,886309,0,0,0,344881,886309,0,0,0,344881,0
2,39,0,0,0,0,0,0,0,0,0,0,0,0,0,0,0,0,0,0,0,0,0,0,0,0,0,0,0,0,0,0,0,0,0,0,0,0,0,0,0,0,0,0,0,0,0,0,0,0,0,0,0,0,0,0,0,0,4316,1599,10212,1044,3785,2263,426,426,2316,1502.5,1502.5,4205,1614.38,1614.38,1614.38,10180.5,10180.5,1246,1460,8771,24144,3762.57,3762.57,3762.57,51116,23407,3554,25955.5,25955.5,19561.5,19561.5,19561.5,19561.5,12949,12949,0,39252,379110,0,0,0,0,0,0,0,379110,0,0,0,0,379110,0,0,0,0,0,0,0,0,0,0,0,0,0,0,0,0,0,0,0,0,0,0,0,0,0,0,0,0,0,0,0,0,0,0,0,0,0,0,0,0,0,0,0,0,0,0,0,0,0,0,0,0,0,0,0,0,0,0,0,0,0
2,40,0,0,0,0,0,0,0,0,0,0,0,0,0,0,0,0,0,0,0,0,0,0,0,0,0,0,0,0,0,0,0,0,0,0,0,0,0,0,0,0,0,0,0,0,0,0,0,0,0,0,0,0,0,0,0,0,53187,5569,106122,17428,23344,10663,2404,2404,26082,18190.5,18190.5,51749,20160.49,20160.49,20160.49,89624,89624,22621,18077,113010,580770,33366.26,33366.26,33366.26,940088,254469,40347,210403,210403,372528,372528,372528,372528,541377,541377,0,405028,6043404,0,0,0,0,0,0,0,6043404,0,0,0,0,6043404,0,0,0,0,0,0,0,0,0,0,0,0,0,0,0,0,0,0,0,0,0,0,0,0,0,0,0,0,0,0,0,0,0,0,0,0,0,0,0,0,0,0,0,0,0,0,0,0,0,0,0,0,0,0,0,0,0,0,0,0,0
2,41,0,0,0,0,0,0,0,0,0,0,0,0,0,0,0,0,0,0,0,0,0,0,0,0,0,0,0,0,0,0,0,0,0,0,0,0,0,0,0,0,0,0,0,0,0,0,0,0,0,0,0,0,0,0,0,0,165469,530,106500,-3864,29865,-5816,9911,9911,12640,15618.5,15618.5,14364,4103.89,4103.89,4103.89,15169.5,15169.5,6679,3769,37226,-76691,20400.25,20400.25,20400.25,202253,130261,801041,-54832,-54832,89275.5,89275.5,89275.5,89275.5,-850.5,-850.5,0,-29313,1795634,0,0,0,0,0,0,0,1795634,0,0,0,0,1795634,0,0,0,0,0,0,0,0,0,0,0,0,0,0,0,0,0,0,0,0,0,0,0,0,0,0,0,0,0,0,0,0,0,0,0,0,0,0,0,0,0,0,0,0,0,0,0,0,0,0,0,0,0,0,0,0,0,0,0,0,0
2,42,0,0,0,0,0,0,0,0,0,0,0,0,0,0,0,0,0,0,0,0,0,0,0,0,0,0,0,0,0,0,0,0,0,0,0,0,0,0,0,0,0,0,0,0,0,0,0,0,0,0,0,0,0,0,0,0,72012,2346,26344,2402,27040,7538,2709,2709,10947,9780,9780,11277,5668.66,5668.66,5668.66,28315.5,28315.5,7201,4577,27307,103167,38934.03,38934.03,38934.03,125887,95802,575693,84502,84502,89862.25,89862.25,89862.25,89862.25,233649.5,233649.5,0,48070,2358913,0,0,0,0,0,0,0,2358913,0,0,0,0,2358913,0,0,0,0,0,0,0,0,0,0,0,0,0,0,0,0,0,0,0,0,0,0,0,0,0,0,0,0,0,0,0,0,0,0,0,0,0,0,0,0,0,0,0,0,0,0,0,0,0,0,0,0,0,0,0,0,0,0,0,0,0
2,43,0,0,0,0,0,0,0,0,0,0,0,0,0,0,0,0,0,0,0,0,0,0,0,0,0,0,0,0,0,0,0,0,0,0,0,0,0,0,0,0,0,0,0,0,0,0,0,0,0,0,0,0,0,0,0,0,25684,2142,80248,2169,9829,2571,58625.5,58625.5,5236,5793,5793,6796,1481.18,1481.18,1481.18,8788,8788,3300,2201,15521,60886,12905.75,12905.75,12905.75,82755,38435,87896,29128.5,29128.5,28551.75,28551.75,28551.75,28551.75,4857,4857,0,53671,851135,0,0,0,0,0,0,0,851135,0,0,0,0,851135,0,0,0,0,0,0,0,0,0,0,0,0,0,0,0,0,0,0,0,0,0,0,0,0,0,0,0,0,0,0,0,0,0,0,0,0,0,0,0,0,0,0,0,0,0,0,0,0,0,0,0,0,0,0,0,0,0,0,0,0,0
2,44,0,0,0,0,0,0,0,0,0,0,0,0,0,0,0,0,0,0,0,0,0,0,0,0,0,0,0,0,0,0,0,0,0,0,0,0,0,0,0,0,0,0,0,0,0,0,0,0,0,0,0,0,0,0,0,0,-5842,-121,-4823,-10,-10,-6,-812,-812,-15,-9.5,-9.5,-27,-10.99,-10.99,-10.99,-39.5,-39.5,-10,-7,-64,-10379,-2208.79,-2208.79,-2208.79,-2206,-25455,-2171,-1707,-1707,-11038.5,-11038.5,-11038.5,-11038.5,-320,-320,0,-12,-107754,0,0,0,0,0,0,0,-107754,0,0,0,0,-107754,0,0,0,0,0,0,0,0,0,0,0,0,0,0,0,0,0,0,0,0,0,0,0,0,0,0,0,0,0,0,0,0,0,0,0,0,0,0,0,0,0,0,0,0,0,0,0,0,0,0,0,0,0,0,0,0,0,0,0,0,0
2,45,0,0,0,0,0,0,0,0,0,0,0,0,0,0,0,0,0,0,0,0,0,0,0,0,0,0,0,0,0,0,0,0,0,0,0,0,0,0,0,0,0,0,0,0,0,0,0,0,0,0,0,0,0,0,0,0,314826,12065,324603,19169,93853,17213,73263.5,73263.5,57206,50875,50875,88364,33017.62,33017.62,33017.62,152038,152038,41037,30077,201771,681897,107160.06,107160.06,107160.06,1399893,516919,1506360,293450,293450,588740.5,588740.5,588740.5,588740.5,791662,791662,0,516696,11320442,0,0,0,0,0,0,0,11320442,0,0,0,0,11320442,0,0,0,0,0,0,0,0,0,0,0,0,0,0,0,0,0,0,0,0,0,0,0,0,0,0,0,0,0,0,0,0,0,0,0,0,0,0,0,0,0,0,0,0,0,0,0,0,0,0,0,0,0,0,0,0,0,0,0,0,0
2,46,27047,1429,54304,1570,8156,2361,670,670,2860,2797.5,2797.5,4299,2538.13,2538.13,2538.13,10389,10389,43353,2553,10292,43070,2180.48,2180.48,2180.48,30264,9273,2337,13855,13855,16014.75,16014.75,16014.75,16014.75,7788,7788,1790,2931,397117,17497,237039,1032,17530,17530,3115,293743,690860,0,0,0,293743,690860,0,0,0,293743,0,492291,26129,704048,45027,201114,65220,230332,230332,107729,128243.5,128243.5,147467,67138.13,67138.13,67138.13,398005.5,398005.5,94559,61558,392338,1238718,198845.62,198845.62,198845.62,2101480,814743,1728998,512389.5,512389.5,885884.5,885884.5,885884.5,885884.5,984963,984963,14587,805118,17891279,239294,5323728,2596491,1006247.5,1006247.5,21872,10193880,28085159,919243,0,0,11113123,29004402,-1438518,0,0,9869968,0,15757,2015,40405,4389,9354,14422,480,480,9069,5980.5,5980.5,12419,5910.41,5910.41,5910.41,37715,37715,14150,5719,32997,50707,10201.13,10201.13,10201.13,38862,12163,2837,14180.5,14180.5,17178.25,17178.25,17178.25,17178.25,16416,16416,3245,6278,541428,24933,255817,3662,28826,28826,2817,344881,886309,0,0,0,344881,886309,0,0,0,344881,0
3,1,1095,0,6610,2,2,6,0.5,0.5,0,0,0,0,0,0,0,0,0,0,0,50,76,0,0,0,7,0,0,0,0,145,145,145,145,4.5,4.5,0,0,8438,36,2408,0,62.5,62.5,67,2636,11074,0,0,0,2636,11074,0,0,0,2636,0,2116,0,18747,7,10,7,0.5,0.5,0,0.5,0.5,0,0,0,0,0,0,0,0,575,230,0,0,0,22,0,0,0.5,0.5,499,499,499,499,10.5,10.5,0,0,23734,138,7306,0,53,53,181,7731,31465,0,0,0,7731,31465,0,0,0,7731,0,63462,23,135015,293,2,991,9,9,16,3,3,0,0,0,0,0,0,0,0,25665,2262,0,0,0,195,0,1,2,2,5111.25,5111.25,5111.25,5111.25,406.5,406.5,0,0,249211,1409,62947,0,2730,2730,7583,77399,326610,136352.72,0,0,80059,329270,0,0,0,35441,0
3,2,0,0,0,0,0,0,0,0,0,2,2,0,0,0,0,0,0,0,0,0,0,1,1,1,0,0,0,0,0,0,0,0,0,0,0,0,0,7,0,0,0,0,0,0,0,7,0,0,0,0,7,0,0,0,0,0,0,0,0,0,0,0,20,20,0,1.5,1.5,0,0,0,0,0,0,0,0,0,1,3.34,3.34,3.34,0,0,0,0,0,0,0,0,0,0,0,0,0,54,0,0,0,0,0,0,0,54,0,0,0,0,54,0,0,0,0,0,20,72,8,1,614,6533,656.5,656.5,17920,43941.5,43941.5,19,17.98,17.98,17.98,33,33,65,3,821,22977,67530.4,67530.4,67530.4,0,0,0,0,0,3,3,3,3,103.5,103.5,0,53,341435,-172,-176,0,-128,-128,-852,-1456,339979,869,0,0,-587,340848,-313208.33,0,0,-308632,0
3,3,6263,0,7106,3,52,34,0,0,2,0,0,0,0,0,0,0,0,0,0,9,0,0,0,0,15,0,0,1.5,1.5,1756.5,1756.5,1756.5,1756.5,22,22,0,13,20570,939,33885,484,0,0,381,35689,56259,0,0,0,35689,56259,0,0,0,35689,0,3255,0,8763,15,73,42,0,0,4,0,0,0,0,0,0,0,0,0,0,3,0,0,0,0,25,0,0,3.5,3.5,2407.25,2407.25,2407.25,2407.25,33,33,0,9,21891,1418,48576,677,0,0,381,51052,72943,0,0,0,51052,72943,0,0,0,51052,0,18121,0,66097,211,187,1605,0,0,66,0.5,0.5,0,0,0,0,0,0,0,0,1883,0,0,0,0,129,0,0,8,8,15498,15498,15498,15498,364,364,0,187,151223,10873,267851,6652,0,0,2025,287401,438624,368061.17,0,0,299354,450577,0,0,0,206351,0
3,4,71,6,20,26,9,2,1.5,1.5,4,2,2,5,2,2,2,19,19,4,3,6,56,2.34,2.34,2.34,154,26,0,16.5,16.5,67,67,67,67,37,37,1,6,832,46,1906,0,15,15,0,1982,2814,0,0,0,1982,2814,0,0,0,1982,0,199,21,103,221,44,15,4,4,31,15.5,15.5,22,13.65,13.65,13.65,170.5,170.5,6,15,82,346,15.31,15.31,15.31,972,167,4,91.5,91.5,345.5,345.5,345.5,345.5,183,183,9,20,4675,274,11757,0,169.5,169.5,0,12370,17045,0,0,0,12370,17045,0,0,0,12370,0,1151,75,615,9499,463,315,34,34,453,105.5,105.5,215,127.2,127.2,127.2,1602,1602,130,202,1520,1584,127.2,127.2,127.2,3605,781,17,383,383,1876,1876,1876,1876,1048,1048,171,370,35779,1449,45345,0,1815,1815,-1803,48621,84400,11650,0,0,60271,96050,-478.48,0,0,-8086,0
3,5,398,0,587,14,2583,84,0,0,80,1,1,29,6.99,6.99,6.99,91,91,8,25,581,204,1.33,1.33,1.33,471,58,8,57,57,211.5,211.5,211.5,211.5,51.5,51.5,614,46,7062,70,231,0,0,0,19,320,7382,0,0,0,320,7382,0,0,0,320,0,330,0,644,37,4075,89,0,0,125,8,8,18,8,8,8,293,293,6,36,1012,299,2,2,2,870,99,14,102.5,102.5,301.5,301.5,301.5,301.5,89.5,89.5,990,58,10924,132,501,0,0,0,76,709,11633,0,0,0,709,11633,0,0,0,709,0,2705,0,5253,312,17040,3179,1,1,2627,52,52,202,68.93,68.93,68.93,2050,2050,106,331,5470,1470,15.32,15.32,15.32,3113,496,93,367.5,367.5,1052.75,1052.75,1052.75,1052.75,572,572,5637,528,59111,577,1984,0,0,0,264,2825,61936,42017.69,0,0,15304,74415,0,0,0,179,0
3,6,947,14,176,72,260,371,7.5,7.5,26,44,44,41,18.32,18.32,18.32,101,101,73,13,456,145,24.65,24.65,24.65,0,0,0,2.5,2.5,1078.5,1078.5,1078.5,1078.5,43.5,43.5,15,35,7484,89,1310,0,0,0,0,1399,8883,0,0,0,1399,8883,0,0,0,1399,0,2087,15,240,412,414,1697,13,13,219,71,71,94,37.3,37.3,37.3,715.5,715.5,95,50,2481,385,67.26,67.26,67.26,2,1,1,11,11,2593,2593,2593,2593,144,144,42,26,20856,238,3665,0,0,0,11,3914,24770,0,0,0,3914,24770,0,0,0,3914,0,13578,67,3437,5969,2597,51122,91.5,91.5,6122,502.5,502.5,1006,403.6,403.6,403.6,7087,7087,1573,570,41039,2030,515.47,515.47,515.47,20,16,20,80.5,80.5,15882.5,15882.5,15882.5,15882.5,1869,1869,352,885,215954,1806,21761,0,0,0,-1008,22559,238513,135282,0,0,157841,373795,-14209.98,0,0,64146,0
3,7,1,0.5,0.5,0,0,0,0.25,0.25,0.5,0,0,0,0,0,0,0,0,0,0,0,3.5,0.17,0.17,0.17,1.5,0,0,2,2,0.38,0.38,0.38,0.38,0.75,0.75,0,0,15.5,0,12,0,0,0,0,12,27.5,0,0,0,12,27.5,0,0,0,12,0,7,2,2,0,1,1,2,2,1.5,0.75,0.75,0,0,0,0,0.5,0.5,0,0,1,18,5.33,5.33,5.33,13,1,1,10.25,10.25,2.63,2.63,2.63,2.63,4.5,4.5,0,1,112,0,86.5,0,0,0,0,86.5,198.5,0,0,0,86.5,198.5,0,0,0,86.5,0,1151,279.5,626,79.5,100,623,90,90,624.5,145.25,145.25,186.5,61.27,61.27,61.27,267,267,123,60,508,2191,1826.67,1826.67,1826.67,2129.5,181,101,1654.75,1654.75,500.12,500.12,500.12,500.12,991.25,991.25,0,344,23274,53,9899.5,0,0,0,-651,9301.5,32575.5,0,0,0,9301.5,32575.5,-28273.97,0,0,-17344,0
3,8,1,0.5,0.5,0,0,0,0.25,0.25,0.5,0,0,0,0,0,0,0,0,0,0,0,3.5,0.17,0.17,0.17,1.5,0,0,2,2,0.38,0.38,0.38,0.38,0.75,0.75,0,0,15.5,0,12,0,0,0,0,12,27.5,0,0,0,12,27.5,0,0,0,12,0,7,2,2,0,1,1,2,2,1.5,0.75,0.75,0,0,0,0,0.5,0.5,0,0,1,18,5.33,5.33,5.33,13,1,1,10.25,10.25,2.63,2.63,2.63,2.63,4.5,4.5,0,1,112,0,86.5,0,0,0,0,86.5,198.5,0,0,0,86.5,198.5,0,0,0,86.5,0,1151,279.5,626,79.5,100,623,90,90,624.5,145.25,145.25,186.5,61.27,61.27,61.27,267,267,123,60,508,2191,1826.67,1826.67,1826.67,2129.5,181,101,1654.75,1654.75,500.12,500.12,500.12,500.12,991.25,991.25,0,344,23274,53,9899.5,0,0,0,-651,9301.5,32575.5,0,0,0,9301.5,32575.5,-28273.97,0,0,-17344,0
3,9,141,0,162,2,29,98,17.5,17.5,1246,83,83,99,74.92,74.92,74.92,862.5,862.5,1228,288,162,10188,12.99,12.99,12.99,69,1,6,1.5,1.5,153.75,153.75,153.75,153.75,73,73,13,73,16759,48,463,0,0,0,174,685,17444,0,0,0,685,17444,0,0,0,685,0,96,1,285,4,45,68,6.5,6.5,1052,225,225,60,52.27,52.27,52.27,1346.5,1346.5,42,220,172,9681,17.99,17.99,17.99,79,1,6,1.5,1.5,134.25,134.25,134.25,134.25,78,78,13,40,15928,50,610,0,0,0,198,858,16786,0,0,0,858,16786,0,0,0,858,0,524,8,1747,79,94,2782,52,52,8988,631,631,478,475.19,475.19,475.19,7236.5,7236.5,494,2346,2545,43569,119.22,119.22,119.22,323,12,40,11,11,658,658,658,658,524,524,85,605,86045,276,2112,0,0,0,1685,4073,90118,108517.81,0,0,39290,125335,0,0,0,25340,0
3,10,0,0,22,0,0,6,0,0,4,360,360,242.5,63.61,63.61,63.61,265.25,265.25,136.5,48.5,19.5,313.5,1.01,1.01,1.01,0,0,0,0,0,11.26,11.26,11.26,11.26,2,2,0,15,2301,0,40,0,36.75,36.75,27.5,141,2442,0,0,0,141,2442,0,0,0,141,0,0,0.5,18,0,0,17,0,0,18,644.25,644.25,501.5,73.93,73.93,73.93,466,466,163,49.5,55.5,501.5,3,3,3,0.5,0,0,0.25,0.25,11.38,11.38,11.38,11.38,2,2,0.5,9.5,3836.5,0.5,53,0,0,0,38.5,92,3928.5,0,0,0,92,3928.5,0,0,0,92,0,5.5,11,547.5,2.5,12.5,1161.5,0,0,545,9565.5,9565.5,7485,1809.86,1809.86,1809.86,12191,12191,5458.5,1025,2050.5,4125.5,142.02,142.02,142.02,8,0,0,7,7,112.63,112.63,112.63,112.63,25.25,25.25,10.5,360,72698,10,-93.5,0,570.5,570.5,774.5,1832,74530,71829.4,0,0,14590,87288,0,0,0,-34629,0
3,11,0,0,22,0,0,6,0,0,4,360,360,242.5,63.61,63.61,63.61,265.25,265.25,136.5,48.5,19.5,313.5,1.01,1.01,1.01,0,0,0,0,0,11.26,11.26,11.26,11.26,2,2,0,15,2301,0,40,0,36.75,36.75,27.5,141,2442,0,0,0,141,2442,0,0,0,141,0,0,0.5,18,0,0,17,0,0,18,644.25,644.25,501.5,73.93,73.93,73.93,466,466,163,49.5,55.5,501.5,3,3,3,0.5,0,0,0.25,0.25,11.38,11.38,11.38,11.38,2,2,0.5,9.5,3836.5,0.5,53,0,0,0,38.5,92,3928.5,0,0,0,92,3928.5,0,0,0,92,0,5.5,11,547.5,2.5,12.5,1161.5,0,0,545,9565.5,9565.5,7485,1809.86,1809.86,1809.86,12191,12191,5458.5,1025,2050.5,4125.5,142.02,142.02,142.02,8,0,0,7,7,112.63,112.63,112.63,112.63,25.25,25.25,10.5,360,72698,10,-93.5,0,570.5,570.5,774.5,1832,74530,71829.4,0,0,14590,87288,0,0,0,-34629,0
3,12,17,11,118,3,3,14,0,0,15,3,3,176,61.61,61.61,61.61,90,90,43,32,39,1511,0.99,0.99,0.99,64,0,4,7.5,7.5,12.5,12.5,12.5,12.5,28,28,0,4,2549,7,111,0,32.5,32.5,11,194,2743,0,0,0,194,2743,0,0,0,194,0,39,37,530,10,21,65,6,6,74,16.5,16.5,593,164.17,164.17,164.17,612.5,612.5,138,65,321,3692,7.33,7.33,7.33,370,2,20,37.5,37.5,65.75,65.75,65.75,65.75,151,151,0,18,8420,33,387,0,67.5,67.5,22,577,8997,0,0,0,577,8997,0,0,0,577,0,83,69,1352,53,27,624,6,6,230,64.5,64.5,2102,567.1,567.1,567.1,2175,2175,608,336,2117,36066,49.62,49.62,49.62,376,8,56,75,75,109.75,109.75,109.75,109.75,193.5,193.5,7,143,51576,66,819,8,306,306,1525,3030,54606,146148.91,0,0,21311,72887,0,0,0,40064,0
3,13,0,0.33,0,0,0,0,0,0,0.99,0.17,0.17,0.67,104.57,104.57,104.57,9.66,9.66,16.32,6.66,1,17.99,1.11,1.11,1.11,0,0,0,0,0,25.64,25.64,25.64,25.64,0.33,0.33,4.66,0,488.85,0.33,6.34,0,557.93,557.93,15.32,1137.86,1626.7,0,0,0,1137.86,1626.7,0,0,0,1137.86,0,0,0.33,0,0,0,0,0,0,1,0.17,0.17,0.33,100.14,100.14,100.14,12.31,12.31,9.67,3.66,3.33,66.26,1.1,1.1,1.1,0,0,0,0,0,54.03,54.03,54.03,54.03,0.67,0.67,2,0,633.04,0,9.67,0,339.99,339.99,4.34,693.98,1327,0,0,0,693.98,1327,0,0,0,693.98,0,2.33,18.65,0,0,0,4,0.34,0.34,115.89,27.47,27.47,62.6,3320.02,3320.02,3320.02,877.13,877.13,885.78,188.81,308.69,861.47,50.34,50.34,50.34,2.66,0,0,6.66,6.66,592.5,592.5,592.5,592.5,17.99,17.99,121.22,0,16922.39,7.66,164.84,0.33,15920.39,15920.39,681.98,32695.61,49618.01,74808.64,0,0,83645.61,100568,0,0,0,63256.35,0
3,14,0,0.33,0,0,0,0,0,0,0.99,0.17,0.17,0.67,104.57,104.57,104.57,9.66,9.66,16.32,6.66,1,17.99,1.11,1.11,1.11,0,0,0,0,0,25.64,25.64,25.64,25.64,0.33,0.33,4.66,0,488.85,0.33,6.34,0,557.93,557.93,15.32,1137.86,1626.7,0,0,0,1137.86,1626.7,0,0,0,1137.86,0,0,0.33,0,0,0,0,0,0,1,0.17,0.17,0.33,100.14,100.14,100.14,12.31,12.31,9.67,3.66,3.33,66.26,1.1,1.1,1.1,0,0,0,0,0,54.03,54.03,54.03,54.03,0.67,0.67,2,0,633.04,0,9.67,0,339.99,339.99,4.34,693.98,1327,0,0,0,693.98,1327,0,0,0,693.98,0,2.33,18.65,0,0,0,4,0.34,0.34,115.89,27.47,27.47,62.6,3320.02,3320.02,3320.02,877.13,877.13,885.78,188.81,308.69,861.47,50.34,50.34,50.34,2.66,0,0,6.66,6.66,592.5,592.5,592.5,592.5,17.99,17.99,121.22,0,16922.39,7.66,164.84,0.33,15920.39,15920.39,681.98,32695.61,49618.01,74808.64,0,0,83645.61,100568,0,0,0,63256.35,0
3,15,0,0.33,0,0,0,0,0,0,0.99,0.17,0.17,0.67,104.57,104.57,104.57,9.66,9.66,16.32,6.66,1,17.99,1.11,1.11,1.11,0,0,0,0,0,25.64,25.64,25.64,25.64,0.33,0.33,4.66,0,488.85,0.33,6.34,0,557.93,557.93,15.32,1137.86,1626.7,0,0,0,1137.86,1626.7,0,0,0,1137.86,0,0,0.33,0,0,0,0,0,0,1,0.17,0.17,0.33,100.14,100.14,100.14,12.31,12.31,9.67,3.66,3.33,66.26,1.1,1.1,1.1,0,0,0,0,0,54.03,54.03,54.03,54.03,0.67,0.67,2,0,633.04,0,9.67,0,339.99,339.99,4.34,693.98,1327,0,0,0,693.98,1327,0,0,0,693.98,0,2.33,18.65,0,0,0,4,0.34,0.34,115.89,27.47,27.47,62.6,3320.02,3320.02,3320.02,877.13,877.13,885.78,188.81,308.69,861.47,50.34,50.34,50.34,2.66,0,0,6.66,6.66,592.5,592.5,592.5,592.5,17.99,17.99,121.22,0,16922.39,7.66,164.84,0.33,15920.39,15920.39,681.98,32695.61,49618.01,74808.64,0,0,83645.61,100568,0,0,0,63256.35,0
3,16,4,0,0,0,0,0,0,0,0,0,0,3.5,39.12,39.12,39.12,496.75,496.75,1208.5,53.5,0,332.5,0,0,0,22.5,2,0,1.5,1.5,61.01,61.01,61.01,61.01,24.25,24.25,2.5,5.5,3041,1508,4157,0,1400.25,1400.25,21,8486.5,11527.5,0,0,0,8486.5,11527.5,0,0,0,8486.5,0,4,0,0,0,0,0,0,0,0,0,0,7,66.43,66.43,66.43,3209,3209,151.5,328,6.5,230.5,0,0,0,15.5,1,0.5,0.5,0.5,105,105,105,105,44,44,9.5,3,7883.5,296,4579.5,0,4026,4026,10.5,12938,20821.5,0,0,0,12938,20821.5,0,0,0,12938,0,17,3.5,7,1,2,27,0,0,3,6.75,6.75,97.5,1566.93,1566.93,1566.93,89101,89101,3415,9978,482,2753,9.32,9.32,9.32,155,33,8.5,28.5,28.5,1008,1008,1008,1008,1115.75,1115.75,198.5,66.5,206517,10120.5,30172,0,51997.75,51997.75,-2520.5,141767.5,348284.5,517894.5,0,0,659662,866179,-53893.78,0,0,558303,0
3,17,4,0,0,0,0,0,0,0,0,0,0,3.5,39.12,39.12,39.12,496.75,496.75,1208.5,53.5,0,332.5,0,0,0,22.5,2,0,1.5,1.5,61.01,61.01,61.01,61.01,24.25,24.25,2.5,5.5,3041,1508,4157,0,1400.25,1400.25,21,8486.5,11527.5,0,0,0,8486.5,11527.5,0,0,0,8486.5,0,4,0,0,0,0,0,0,0,0,0,0,7,66.43,66.43,66.43,3209,3209,151.5,328,6.5,230.5,0,0,0,15.5,1,0.5,0.5,0.5,105,105,105,105,44,44,9.5,3,7883.5,296,4579.5,0,4026,4026,10.5,12938,20821.5,0,0,0,12938,20821.5,0,0,0,12938,0,17,3.5,7,1,2,27,0,0,3,6.75,6.75,97.5,1566.93,1566.93,1566.93,89101,89101,3415,9978,482,2753,9.32,9.32,9.32,155,33,8.5,28.5,28.5,1008,1008,1008,1008,1115.75,1115.75,198.5,66.5,206517,10120.5,30172,0,51997.75,51997.75,-2520.5,141767.5,348284.5,517894.5,0,0,659662,866179,-53893.78,0,0,558303,0
3,18,1,0,0,0,0,0,0,0,0,0,0,0,0,0,0,0,0,26,0,0,0,0,0,0,0,0,0,8,8,0.5,0.5,0.5,0.5,12,12,0,0,69,0,7,0,18.5,18.5,0,44,113,0,0,0,44,113,0,0,0,44,0,1,0,0,0,0,0,0,0,0,0,0,0,0,0,0,0,0,366,0,0,0,0,0,0,0,0,0,39,39,59.75,59.75,59.75,59.75,88.5,88.5,0,0,861,0,430,0,48.5,48.5,3,530,1391,0,0,0,530,1391,0,0,0,530,0,170,3,3,0,0,0,0,0,1,0,0,1,4,4,4,2.5,2.5,28658,1,3,10,1.67,1.67,1.67,3,2,0,1772,1772,1621.5,1621.5,1621.5,1621.5,5404,5404,0,2,49717,0,16628,0,13581.5,13581.5,-5501,38290,88007,168173.09,0,0,87230,136947,0,0,0,42817,0
3,19,2,0,0,0,0,0,0,0,0,0,0,0,20.32,20.32,20.32,8.5,8.5,12,130,0,6,0,0,0,86,2,0,0,0,124,124,124,124,17,17,0,0,846,12,683,0,734,734,55,2218,3064,0,0,0,2218,3064,0,0,0,2218,0,4,0,0,0,1,0,0,0,0,0,0,0,24.98,24.98,24.98,25.5,25.5,3,90,1,8,0,0,0,150,3,0,0.5,0.5,140.25,140.25,140.25,140.25,21.5,21.5,0,0,991,17,1177,0,329,329,1,1853,2844,0,0,0,1853,2844,0,0,0,1853,0,42,1,7,1,12,16,0,0,6,0.5,0.5,7,422.58,422.58,422.58,970.5,970.5,100,3307,139,232,6.33,6.33,6.33,888,34,3,13.5,13.5,1381.5,1381.5,1381.5,1381.5,224,224,0,0,14026,189,9914,5,8488,8488,-75,27009,41035,98852.17,0,0,99299,113325,0,0,0,68853,0
3,20,253,12,582,105,358,111,0,0,45,60.5,60.5,38,109.23,109.23,109.23,506.5,506.5,827,187,1420,1744,76.26,76.26,76.26,579,287,30,72.5,72.5,363.5,363.5,363.5,363.5,641,641,162,70,11382,136,1554,3,411,411,73,2588,13970,0,0,0,2588,13970,0,0,0,2588,0,391,29,1293,231,828,193,6.5,6.5,135,329,329,166,282.05,282.05,282.05,1813.5,1813.5,863,246,4597,3983,264.74,264.74,264.74,1796,1141,73,316.5,316.5,1548.25,1548.25,1548.25,1548.25,1573.5,1573.5,376,160,32414,368,6916,3,1218,1218,198,9921,42335,0,0,0,9921,42335,0,0,0,9921,0,2027,178,8411,2684,2074,4298,12.5,12.5,2458,1818.5,1818.5,790,1495.84,1495.84,1495.84,14227,14227,4991,2770,50356,46371,2478.18,2478.18,2478.18,8197,7544,334,1761.5,1761.5,5554.25,5554.25,5554.25,5554.25,12046,12046,2077,1166,240608,2543,29452,60,12702,12702,2297,59756,300364,263949.4,0,0,182554,423162,0,0,0,69870,0
3,21,0,0,0,0,0,0,0,0,0,0,0,0,0,0,0,0,0,0,0,0,0,0,0,0,0,0,0,0,0,0,0,0,0,0,0,0,0,0,0,0,0,0,0,0,0,0,0,0,0,0,0,0,0,0,0,0,0,0,0,0,0,0,0,0,0,0,0,0,0,0,0,0,0,0,0,0,0,0,0,0,0,0,0,0,0,0,0,0,0,0,0,0,0,0,0,0,0,0,0,0,0,0,0,0,0,0,0,0,0,0,0,0,1741,112,634,364,406,2004,31,31,1377,552,552,807,247.09,247.09,247.09,2589,2589,243,223,1261,1176,18338.97,18338.97,18338.97,4261,1401,26804,1462,1462,1640,1640,1640,1640,5899.5,5899.5,0,2262,128517,0,0,0,666430.5,666430.5,0,1332861,1461378,0,0,0,1332861,1461378,-392190.86,0,0,1332861,0
3,22,386.94,75.59,683.98,53.95,612.05,135.2,9.66,9.66,447.22,371.8,371.8,291.71,94.48,94.48,94.48,507.99,507.99,365.96,107.9,378.29,422.25,422.38,422.38,422.38,2068.27,139.86,167.84,437.73,437.73,719.44,719.44,719.44,719.44,797.03,797.03,0,360.31,15375.61,5.33,7689.3,0,0,0,0,7694.63,23070.24,0,0,0,7694.63,23070.24,0,0,0,7694.63,0,242.76,112.55,241.43,79.25,438.23,99.23,3.5,3.5,110.89,202.3,202.3,89.91,37.7,37.7,37.7,668.66,668.66,54.61,79.92,310.02,356.64,450.54,450.54,450.54,1860.47,101.9,118.88,331.34,331.34,536.21,536.21,536.21,536.21,664.67,664.67,0,337.66,11986.34,4,6003.66,0,0,0,0,6007.65,17993.99,0,0,0,6007.65,17993.99,0,0,0,6007.65,0,1351.32,328.67,4044.95,766.24,2005.66,5051.28,31.47,31.47,2835.49,2158.17,2158.17,1655.01,707.91,707.91,707.91,4994.5,4994.5,1807.52,793.2,4239.09,3512.82,10440.42,10440.42,10440.42,11899.42,1590.74,792.21,2577.59,2577.59,6700.04,6700.04,6700.04,6700.04,12121.2,12121.2,0,2655.02,149373.14,54.95,56381.57,2422.91,0,0,0,58859.41,208232.56,345807.65,0,0,59354.58,208727.73,0,0,0,79718.86,0
3,23,386.94,75.59,683.98,53.95,612.05,135.2,9.66,9.66,447.22,371.8,371.8,291.71,94.48,94.48,94.48,507.99,507.99,365.96,107.9,378.29,422.25,422.38,422.38,422.38,2068.27,139.86,167.84,437.73,437.73,719.44,719.44,719.44,719.44,797.03,797.03,0,360.31,15375.61,5.33,7689.3,0,0,0,0,7694.63,23070.24,0,0,0,7694.63,23070.24,0,0,0,7694.63,0,242.76,112.55,241.43,79.25,438.23,99.23,3.5,3.5,110.89,202.3,202.3,89.91,37.7,37.7,37.7,668.66,668.66,54.61,79.92,310.02,356.64,450.54,450.54,450.54,1860.47,101.9,118.88,331.34,331.34,536.21,536.21,536.21,536.21,664.67,664.67,0,337.66,11986.34,4,6003.66,0,0,0,0,6007.65,17993.99,0,0,0,6007.65,17993.99,0,0,0,6007.65,0,1351.32,328.67,4044.95,766.24,2005.66,5051.28,31.47,31.47,2835.49,2158.17,2158.17,1655.01,707.91,707.91,707.91,4994.5,4994.5,1807.52,793.2,4239.09,3512.82,10440.42,10440.42,10440.42,11899.42,1590.74,792.21,2577.59,2577.59,6700.04,6700.04,6700.04,6700.04,12121.2,12121.2,0,2655.02,149373.14,54.95,56381.57,2422.91,0,0,0,58859.41,208232.56,345807.65,0,0,59354.58,208727.73,0,0,0,79718.86,0
3,24,386.94,75.59,683.98,53.95,612.05,135.2,9.66,9.66,447.22,371.8,371.8,291.71,94.48,94.48,94.48,507.99,507.99,365.96,107.9,378.29,422.25,422.38,422.38,422.38,2068.27,139.86,167.84,437.73,437.73,719.44,719.44,719.44,719.44,797.03,797.03,0,360.31,15375.61,5.33,7689.3,0,0,0,0,7694.63,23070.24,0,0,0,7694.63,23070.24,0,0,0,7694.63,0,242.76,112.55,241.43,79.25,438.23,99.23,3.5,3.5,110.89,202.3,202.3,89.91,37.7,37.7,37.7,668.66,668.66,54.61,79.92,310.02,356.64,450.54,450.54,450.54,1860.47,101.9,118.88,331.34,331.34,536.21,536.21,536.21,536.21,664.67,664.67,0,337.66,11986.34,4,6003.66,0,0,0,0,6007.65,17993.99,0,0,0,6007.65,17993.99,0,0,0,6007.65,0,1351.32,328.67,4044.95,766.24,2005.66,5051.28,31.47,31.47,2835.49,2158.17,2158.17,1655.01,707.91,707.91,707.91,4994.5,4994.5,1807.52,793.2,4239.09,3512.82,10440.42,10440.42,10440.42,11899.42,1590.74,792.21,2577.59,2577.59,6700.04,6700.04,6700.04,6700.04,12121.2,12121.2,0,2655.02,149373.14,54.95,56381.57,2422.91,0,0,0,58859.41,208232.56,345807.65,0,0,59354.58,208727.73,0,0,0,79718.86,0
3,25,296,21,705,52,128,36,6,6,50,44.5,44.5,97,74.93,74.93,74.93,192,192,199,70,210,855,21.64,21.64,21.64,283,39,12,56,56,392.25,392.25,392.25,392.25,121,121,50,27,5828,245,7270,1,997.5,997.5,29,9540,15368,0,0,0,9540,15368,0,0,0,9540,0,524,41,1530,172,285,109,34,34,122,152,152,213,133.54,133.54,133.54,640.5,640.5,227,116,770,2266,90.91,90.91,90.91,923,115,43,148,148,987.25,987.25,987.25,987.25,345,345,139,63,14920,672,23400,3,2628.5,2628.5,74,29406,44326,0,0,0,29406,44326,0,0,0,29406,0,14478,1164,43489,8752,10340,15201,277,277,7630,5091.5,5091.5,8405,6191.48,6191.48,6191.48,49367,49367,17539,7516,38725,30403,5067.59,5067.59,5067.59,18997,3314,1007,3907,3907,23983.5,23983.5,23983.5,23983.5,12227,12227,4434,2538,505416,19637,513410,85,88795,88795,2598,713320,1218736,92593,0,0,805913,1311329,-74594.27,0,0,618242,0
3,26,0,0,0,0,0,0,0,0,0,0,0,0,0,0,0,0,0,0,0,0,0,0,0,0,1,0,1,0,0,0,0,0,0,0,0,0,1,3,0,3,0,0,0,0,3,6,0,0,0,3,6,0,0,0,3,0,0,0,1,0,0,0,0,0,0,0,0,0,0,0,0,0,0,0,0,1,3,0.33,0.33,0.33,16,13,11,1.5,1.5,2,2,2,2,0,0,0,14,71,0,32,0,0,0,0,32,103,0,0,0,32,103,0,0,0,32,0,6871,2119,6544,4606,1947,6362,19,19,4797,2305.5,2305.5,2704,1633.03,1633.03,1633.03,8691.5,8691.5,2057,4831,12380,12584,17206.45,17206.45,17206.45,57357,52083,51405,9332,9332,10701.75,10701.75,10701.75,10701.75,5853.5,5853.5,0,80189,460621,5,251649,0,0,0,0,251654,712275,799,0,0,252453,713074,-57288.37,0,0,335635,0
3,27,0,0,0,0,0,0,0,0,0,0,0,0,0,0,0,0,0,0,0,0,0,0,0,0,0,0,0,0,0,0,0,0,0,0,0,0,0,0,0,0,0,0,0,0,0,0,0,0,0,0,0,0,0,0,0,0,0,0,0,0,0,0,0,0,0,0,0,0,0,0,0,0,0,0,0,0,0,0,0,0,0,0,0,0,0,0,0,0,0,0,0,0,0,0,0,2,0,0,0,0,2,2,0,0,0,2,2,0,0,0,2,0,91,154,586,269,228,1113,7,7,472,116.5,116.5,516,210.46,210.46,210.46,1134,1134,150,370,1038,2868,3052.61,3052.61,3052.61,21400,5667,1813,4351,4351,3600.25,3600.25,3600.25,3600.25,3789.5,3789.5,0,24859,104590,0,1355202,991,0,0,0,1356193,1460783,339,0,0,1356532,1461122,-37388.74,0,0,1356707,0
3,28,93.5,4,119,5,30.5,5.5,2,2,25,9.75,9.75,13.5,5.33,5.33,5.33,18.25,18.25,26.5,4,46,208,8.82,8.82,8.82,51.5,28,1,15.5,15.5,38.25,38.25,38.25,38.25,46.25,46.25,7.5,81.5,1129,43.5,790.5,0,39.5,39.5,7,920,2049,0,0,0,920,2049,0,0,0,920,0,545,15.5,1554,31,422.5,125.5,81.25,81.25,293.5,173.75,173.75,225,81.42,81.42,81.42,363.75,363.75,148,28,780.5,2910.5,135.54,135.54,135.54,1132,556.5,27,283.25,283.25,586.5,586.5,586.5,586.5,601,601,120,1499,16417,723,19282,7.5,868,868,102,21850.5,38267.5,0,0,0,21850.5,38267.5,0,0,0,21850.5,0,4795.5,526,9332,1319,2377.5,6583.5,139,139,3474,2071,2071,2434.5,1133.7,1133.7,1133.7,8077.5,8077.5,2327,1205,9728.5,19296.5,3408.59,3408.59,3408.59,22180.5,8576,579,14900.5,14900.5,7414.25,7414.25,7414.25,7414.25,9563.5,9563.5,781,11664,219980,5172,126050,-66,4322.75,4322.75,606,140407.5,360387.5,15814,0,0,156221.5,376201.5,-5110.83,0,0,161742.5,0
3,29,93.5,4,119,5,30.5,5.5,2,2,25,9.75,9.75,13.5,5.33,5.33,5.33,18.25,18.25,26.5,4,46,208,8.82,8.82,8.82,51.5,28,1,15.5,15.5,38.25,38.25,38.25,38.25,46.25,46.25,7.5,81.5,1129,43.5,790.5,0,39.5,39.5,7,920,2049,0,0,0,920,2049,0,0,0,920,0,545,15.5,1554,31,422.5,125.5,81.25,81.25,293.5,173.75,173.75,225,81.42,81.42,81.42,363.75,363.75,148,28,780.5,2910.5,135.54,135.54,135.54,1132,556.5,27,283.25,283.25,586.5,586.5,586.5,586.5,601,601,120,1499,16417,723,19282,7.5,868,868,102,21850.5,38267.5,0,0,0,21850.5,38267.5,0,0,0,21850.5,0,4795.5,526,9332,1319,2377.5,6583.5,139,139,3474,2071,2071,2434.5,1133.7,1133.7,1133.7,8077.5,8077.5,2327,1205,9728.5,19296.5,3408.59,3408.59,3408.59,22180.5,8576,579,14900.5,14900.5,7414.25,7414.25,7414.25,7414.25,9563.5,9563.5,781,11664,219980,5172,126050,-66,4322.75,4322.75,606,140407.5,360387.5,15814,0,0,156221.5,376201.5,-5110.83,0,0,161742.5,0
3,30,0,0,0.5,0,0,0,0,0,0,0,0,0,0,0,0,0,0,0,0,0,2,0,0,0,3.75,2.75,0,0.38,0.38,1.63,1.63,1.63,1.63,1.12,1.12,0,1.5,20,80.5,348.5,0,3.24,3.24,0,435.5,455.5,0,0,0,435.5,455.5,0,0,0,435.5,0,0.25,0,0.75,0,0,0,0,0,0,0,0,0,0,0,0,0.49,0.49,0,0,0.25,3,0.08,0.08,0.08,9,3.5,2.5,1.13,1.13,26.76,26.76,26.76,26.76,2.75,2.75,0,1.25,136.5,3220.25,11224.75,18.5,3,3,0,14469.5,14606,0,0,0,14469.5,14606,0,0,0,14469.5,0,2787.75,834.5,4154.25,988.75,794.25,3481,37.87,37.87,2962.25,863.12,863.12,1873,1138.36,1138.36,1138.36,8979.88,8979.88,2051.75,1322,5250.25,19276,10935.22,10935.22,10935.22,18073.5,13039,3481.75,6596.75,6596.75,13641.87,13641.87,13641.87,13641.87,12384.86,12384.86,0,8138,237057.5,59974.5,306597.25,223312,6996,6996,-59,603816.75,840874.25,1625.75,0,0,605442.5,842500,-146845.09,0,0,586313.75,0
3,31,0,0,0.5,0,0,0,0,0,0,0,0,0,0,0,0,0,0,0,0,0,2,0,0,0,3.75,2.75,0,0.38,0.38,1.63,1.63,1.63,1.63,1.12,1.12,0,1.5,20,80.5,348.5,0,3.24,3.24,0,435.5,455.5,0,0,0,435.5,455.5,0,0,0,435.5,0,0.25,0,0.75,0,0,0,0,0,0,0,0,0,0,0,0,0.49,0.49,0,0,0.25,3,0.08,0.08,0.08,9,3.5,2.5,1.13,1.13,26.76,26.76,26.76,26.76,2.75,2.75,0,1.25,136.5,3220.25,11224.75,18.5,3,3,0,14469.5,14606,0,0,0,14469.5,14606,0,0,0,14469.5,0,2787.75,834.5,4154.25,988.75,794.25,3481,37.87,37.87,2962.25,863.12,863.12,1873,1138.36,1138.36,1138.36,8979.88,8979.88,2051.75,1322,5250.25,19276,10935.22,10935.22,10935.22,18073.5,13039,3481.75,6596.75,6596.75,13641.87,13641.87,13641.87,13641.87,12384.86,12384.86,0,8138,237057.5,59974.5,306597.25,223312,6996,6996,-59,603816.75,840874.25,1625.75,0,0,605442.5,842500,-146845.09,0,0,586313.75,0
3,32,0,0,0.5,0,0,0,0,0,0,0,0,0,0,0,0,0,0,0,0,0,2,0,0,0,3.75,2.75,0,0.38,0.38,1.63,1.63,1.63,1.63,1.12,1.12,0,1.5,20,80.5,348.5,0,3.24,3.24,0,435.5,455.5,0,0,0,435.5,455.5,0,0,0,435.5,0,0.25,0,0.75,0,0,0,0,0,0,0,0,0,0,0,0,0.49,0.49,0,0,0.25,3,0.08,0.08,0.08,9,3.5,2.5,1.13,1.13,26.76,26.76,26.76,26.76,2.75,2.75,0,1.25,136.5,3220.25,11224.75,18.5,3,3,0,14469.5,14606,0,0,0,14469.5,14606,0,0,0,14469.5,0,2787.75,834.5,4154.25,988.75,794.25,3481,37.87,37.87,2962.25,863.12,863.12,1873,1138.36,1138.36,1138.36,8979.88,8979.88,2051.75,1322,5250.25,19276,10935.22,10935.22,10935.22,18073.5,13039,3481.75,6596.75,6596.75,13641.87,13641.87,13641.87,13641.87,12384.86,12384.86,0,8138,237057.5,59974.5,306597.25,223312,6996,6996,-59,603816.75,840874.25,1625.75,0,0,605442.5,842500,-146845.09,0,0,586313.75,0
3,33,0,0,0.5,0,0,0,0,0,0,0,0,0,0,0,0,0,0,0,0,0,2,0,0,0,3.75,2.75,0,0.38,0.38,1.63,1.63,1.63,1.63,1.12,1.12,0,1.5,20,80.5,348.5,0,3.24,3.24,0,435.5,455.5,0,0,0,435.5,455.5,0,0,0,435.5,0,0.25,0,0.75,0,0,0,0,0,0,0,0,0,0,0,0,0.49,0.49,0,0,0.25,3,0.08,0.08,0.08,9,3.5,2.5,1.13,1.13,26.76,26.76,26.76,26.76,2.75,2.75,0,1.25,136.5,3220.25,11224.75,18.5,3,3,0,14469.5,14606,0,0,0,14469.5,14606,0,0,0,14469.5,0,2787.75,834.5,4154.25,988.75,794.25,3481,37.87,37.87,2962.25,863.12,863.12,1873,1138.36,1138.36,1138.36,8979.88,8979.88,2051.75,1322,5250.25,19276,10935.22,10935.22,10935.22,18073.5,13039,3481.75,6596.75,6596.75,13641.87,13641.87,13641.87,13641.87,12384.86,12384.86,0,8138,237057.5,59974.5,306597.25,223312,6996,6996,-59,603816.75,840874.25,1625.75,0,0,605442.5,842500,-146845.09,0,0,586313.75,0
3,34,0,0,0,0,0,0.5,0,0,0,0,0,0,0.17,0.17,0.17,1.75,1.75,1,0,0,0,0,0,0,0,0,0,0,0,0,0,0,0,0,0,0,0.5,6,0,0,1,0,0,0,1,7,0,0,0,1,7,0,0,0,1,0,0,0,0.5,0,0.5,1,0,0,0.5,0.5,0.5,0.5,0.5,0.5,0.5,7,7,1,1,1,0,0.5,0.5,0.5,1,0,0,0.5,0.5,0,0,0,0,0.25,0.25,0,3.5,30,0,59.5,145.5,0,0,0,205,235,0,0,0,205,235,0,0,0,205,0,121,55.5,2827,355.5,317.5,24234.5,13.25,13.25,5540.5,1300.5,1300.5,999,1987.52,1987.52,1987.52,45655.5,45655.5,6994,4218.5,6515,924.5,5649.85,5649.85,5649.85,1934,197.5,0.5,1421.75,1421.75,341.62,341.62,341.62,341.62,406.25,406.25,0,22425,199555.5,0,65474.5,721134,0,0,0,786608.5,986164,42158,0,0,828766.5,1028322,-119416.38,0,0,823633.5,0
3,35,0,0,0,0,0,0.5,0,0,0,0,0,0,0.17,0.17,0.17,1.75,1.75,1,0,0,0,0,0,0,0,0,0,0,0,0,0,0,0,0,0,0,0.5,6,0,0,1,0,0,0,1,7,0,0,0,1,7,0,0,0,1,0,0,0,0.5,0,0.5,1,0,0,0.5,0.5,0.5,0.5,0.5,0.5,0.5,7,7,1,1,1,0,0.5,0.5,0.5,1,0,0,0.5,0.5,0,0,0,0,0.25,0.25,0,3.5,30,0,59.5,145.5,0,0,0,205,235,0,0,0,205,235,0,0,0,205,0,121,55.5,2827,355.5,317.5,24234.5,13.25,13.25,5540.5,1300.5,1300.5,999,1987.52,1987.52,1987.52,45655.5,45655.5,6994,4218.5,6515,924.5,5649.85,5649.85,5649.85,1934,197.5,0.5,1421.75,1421.75,341.62,341.62,341.62,341.62,406.25,406.25,0,22425,199555.5,0,65474.5,721134,0,0,0,786608.5,986164,42158,0,0,828766.5,1028322,-119416.38,0,0,823633.5,0
3,36,0,0,0,0,0,0,0,0,0,0,0,0,0,0,0,0,0,0,0,0,0,0,0,0,0,0,0,0,0,0,0,0,0,0,0,0,0,0,0,0,0,0,0,0,0,0,0,0,0,0,0,0,0,0,0,0,0,0,0,0,0,0,0,0,0,0,0,0,0,0,0,0,0,0,0,0,0,0,0,0,0,0,0,0,0,0,0,0,0,0,0,0,0,0,0,0,0,0,0,0,0,0,0,0,0,0,0,0,0,0,0,0,182,31,529,180,92,312,1.5,1.5,306,76,76,309,205.13,205.13,205.13,1700,1700,277,145,596,3149,462.53,462.53,462.53,6227,3050,191,908,908,1698.75,1698.75,1698.75,1698.75,3578.5,3578.5,0,4366,41270,0,0,0,0,0,0,0,41270,0,0,0,0,41270,-22149.32,0,0,0,0
3,37,52,14,269,41,26,85,4.5,4.5,31,21,21,39,44.96,44.96,44.96,104.5,104.5,70,27,106,731,62.27,62.27,62.27,1938,596,208,705,705,233.25,233.25,233.25,233.25,109.5,109.5,0,0,7377,0,0,0,0,0,0,0,7377,0,0,0,0,7377,0,0,0,0,0,106,59,1127,217,161,600,10,10,194,74.5,74.5,198,164.51,164.51,164.51,701,701,189,112,797,4949,402.6,402.6,402.6,9814,2700,1470,3638,3638,1515.75,1515.75,1515.75,1515.75,657,657,0,0,40620,0,0,0,0,0,0,0,40620,0,0,0,0,40620,0,0,0,0,0,10619,845,19244,6047,2668,14518,298.5,298.5,5520,2250,2250,4308,4778.88,4778.88,4778.88,17990.5,17990.5,5807,4558,18187,87534,7009.99,7009.99,7009.99,125008,36686,16590,38745.5,38745.5,16933,16933,16933,16933,16232.5,16232.5,0,0,612307,0,568,0,0,0,0,568,612875,1736.06,0,0,918,613225,0,0,0,-20421,0
3,38,10895,315,18674,492,5349,1271,71,71,2904,2117.5,2117.5,1921,1227.43,1227.43,1227.43,5093.5,5093.5,6383,1331,4309,18561,1495.17,1495.17,1495.17,10044,1500,775,2282,2282,7004,7004,7004,7004,3705.5,3705.5,889,1568,149912,5070,84334,490,6912.5,6912.5,966,104685,254597,0,0,0,104685,254597,0,0,0,104685,0,10990,578,37140,1626,8121,3472,277.5,277.5,2919,3140,3140,3103,1738.92,1738.92,1738.92,16458,16458,3055,2014,13443,34446,2517.15,2517.15,2517.15,22986,5679,2066,5980.5,5980.5,13890,13890,13890,13890,6687,6687,1835,4459,291359,18272,215837,1063,15335,15335,1460,267302,558661,0,0,0,267302,558661,0,0,0,267302,0,163261,11053,348414,49091,53610,205339,2228,2228,100075,93705,93705,56924,46616.33,46616.33,46616.33,480991.5,480991.5,115728,68719,276971,443106,219299.16,219299.16,219299.16,410949,186002,116058,133352,133352,202526,202526,202526,202526,180532.5,180532.5,15107,228397,6239071,309455,4438669,2350462,984295,984295,6968,9074144,15313215,1904742,0,0,10978886,17217957,-1780750,0,0,9617389,0
3,39,0,0,0,0,0,0,0,0,0,0,0,0,0,0,0,0,0,0,0,0,0,0,0,0,0,0,0,0,0,0,0,0,0,0,0,0,0,0,0,0,0,0,0,0,0,0,0,0,0,0,0,0,0,0,0,0,0,0,0,0,0,0,0,0,0,0,0,0,0,0,0,0,0,0,0,0,0,0,0,0,0,0,0,0,0,0,0,0,0,0,0,0,0,0,0,0,0,0,0,0,0,0,0,0,0,0,0,0,0,0,0,0,1698,1399,11268,2998,4022,12251,119.5,119.5,5180,2892,2892,6633,3358.64,3358.64,3358.64,25967.5,25967.5,3917,2764,14367,20816,11605.72,11605.72,11605.72,32389,20801,1970,21183.5,21183.5,17034,17034,17034,17034,11624,11624,0,31008,410128,0,0,0,0,0,0,0,410128,0,0,0,0,410128,0,0,0,0,0
3,40,0,0,0,0,0,0,0,0,0,0,0,0,0,0,0,0,0,0,0,0,0,0,0,0,0,0,0,0,0,0,0,0,0,0,0,0,0,0,0,0,0,0,0,0,0,0,0,0,0,0,0,0,0,0,0,0,0,0,0,0,0,0,0,0,0,0,0,0,0,0,0,0,0,0,0,0,0,0,0,0,0,0,0,0,0,0,0,0,0,0,0,0,0,0,0,0,0,0,0,0,0,0,0,0,0,0,0,0,0,0,0,0,45305,5479,119145,44261,25587,66946,797.5,797.5,57328,22677,22677,89323,46364.26,46364.26,46364.26,174626.5,174626.5,75078,47488,180251,473648,91021.22,91021.22,91021.22,658357,225653,21759,183782.5,183782.5,307325.5,307325.5,307325.5,307325.5,481327.5,481327.5,0,327491,5831392,0,0,0,0,0,0,0,5831392,0,0,0,0,5831392,0,0,0,0,0
3,41,0,0,0,0,0,0,0,0,0,0,0,0,0,0,0,0,0,0,0,0,0,0,0,0,0,0,0,0,0,0,0,0,0,0,0,0,0,0,0,0,0,0,0,0,0,0,0,0,0,0,0,0,0,0,0,0,0,0,0,0,0,0,0,0,0,0,0,0,0,0,0,0,0,0,0,0,0,0,0,0,0,0,0,0,0,0,0,0,0,0,0,0,0,0,0,0,0,0,0,0,0,0,0,0,0,0,0,0,0,0,0,0,195371,2212,115661,212,13740,39341,466.5,466.5,25691,9377.5,9377.5,13721,9313.68,9313.68,9313.68,36324.5,36324.5,15042,5056,44972,-53985,94314.92,94314.92,94314.92,652,135169,785562,-16468.5,-16468.5,89280.75,89280.75,89280.75,89280.75,598.5,598.5,0,-16012,2051322,0,0,0,0,0,0,0,2051322,0,0,0,0,2051322,0,0,0,0,0
3,42,0,0,0,0,0,0,0,0,0,0,0,0,0,0,0,0,0,0,0,0,0,0,0,0,0,0,0,0,0,0,0,0,0,0,0,0,0,0,0,0,0,0,0,0,0,0,0,0,0,0,0,0,0,0,0,0,0,0,0,0,0,0,0,0,0,0,0,0,0,0,0,0,0,0,0,0,0,0,0,0,0,0,0,0,0,0,0,0,0,0,0,0,0,0,0,0,0,0,0,0,0,0,0,0,0,0,0,0,0,0,0,0,64427,2940,42455,8284,9913,42102,142,142,25842,10454.5,10454.5,18875,10883.11,10883.11,10883.11,57805.5,57805.5,19054,9867,45899,81998,127108.44,127108.44,127108.44,89888,75072,441286,53195,53195,60522.5,60522.5,60522.5,60522.5,213500,213500,0,40928,2345503,0,0,0,0,0,0,0,2345503,0,0,0,0,2345503,0,0,0,0,0
3,43,0,0,0,0,0,0,0,0,0,0,0,0,0,0,0,0,0,0,0,0,0,0,0,0,0,0,0,0,0,0,0,0,0,0,0,0,0,0,0,0,0,0,0,0,0,0,0,0,0,0,0,0,0,0,0,0,0,0,0,0,0,0,0,0,0,0,0,0,0,0,0,0,0,0,0,0,0,0,0,0,0,0,0,0,0,0,0,0,0,0,0,0,0,0,0,0,0,0,0,0,0,0,0,0,0,0,0,0,0,0,0,0,22069,2363,251164,5643,4773,10235,265,265,8003,5797.5,5797.5,11006,3054.61,3054.61,3054.61,17546,17546,9493,3944,18227,48680,44145.81,44145.81,44145.81,63343,24184,55313,22259,22259,23001.75,23001.75,23001.75,23001.75,3893,3893,0,43433,915144,0,0,0,0,0,0,0,915144,0,0,0,0,915144,0,0,0,0,0
3,44,0,0,0,0,0,0,0,0,0,0,0,0,0,0,0,0,0,0,0,0,0,0,0,0,0,0,0,0,0,0,0,0,0,0,0,0,0,0,0,0,0,0,0,0,0,0,0,0,0,0,0,0,0,0,0,0,0,0,0,0,0,0,0,0,0,0,0,0,0,0,0,0,0,0,0,0,0,0,0,0,0,0,0,0,0,0,0,0,0,0,0,0,0,0,0,0,0,0,0,0,0,0,0,0,0,0,0,0,0,0,0,0,-5528,-43,-3687,-26,-10,-27,-2.5,-2.5,-27,-12,-12,-35,-19.31,-19.31,-19.31,-76,-76,-103,-21,-119,-7286,-3279.06,-3279.06,-3279.06,-920,-24063,-1280,-1029,-1029,-8896.5,-8896.5,-8896.5,-8896.5,-51,-51,0,-14,-91021,0,0,0,0,0,0,0,-91021,0,0,0,0,-91021,0,0,0,0,0
3,45,0,0,0,0,0,0,0,0,0,0,0,0,0,0,0,0,0,0,0,0,0,0,0,0,0,0,0,0,0,0,0,0,0,0,0,0,0,0,0,0,0,0,0,0,0,0,0,0,0,0,0,0,0,0,0,0,0,0,0,0,0,0,0,0,0,0,0,0,0,0,0,0,0,0,0,0,0,0,0,0,0,0,0,0,0,0,0,0,0,0,0,0,0,0,0,0,0,0,0,0,0,0,0,0,0,0,0,0,0,0,0,0,323342,14350,536006,61372,58025,170848,1788,1788,122017,51186.5,51186.5,139523,72954.97,72954.97,72954.97,312194,312194,122481,69098,303597,563871,364917.06,364917.06,364917.06,843709,456816,1304610,262922.5,262922.5,488268,488268,488268,488268,710892,710892,0,426834,11462468,0,0,0,0,0,0,0,11462468,0,0,0,0,11462468,0,0,0,0,0
3,46,10895,315,18674,492,5349,1271,71,71,2904,2117.5,2117.5,1921,1227.43,1227.43,1227.43,5093.5,5093.5,6383,1331,4309,18561,1495.17,1495.17,1495.17,10044,1500,775,2282,2282,7004,7004,7004,7004,3705.5,3705.5,889,1568,149912,5070,84334,490,6912.5,6912.5,966,104685,254597,0,0,0,104685,254597,0,0,0,104685,0,10990,578,37140,1626,8121,3472,277.5,277.5,2919,3140,3140,3103,1738.92,1738.92,1738.92,16458,16458,3055,2014,13443,34446,2517.15,2517.15,2517.15,22986,5679,2066,5980.5,5980.5,13890,13890,13890,13890,6687,6687,1835,4459,291359,18272,215837,1063,15335,15335,1460,267302,558661,0,0,0,267302,558661,0,0,0,267302,0,486603,25403,884420,110463,111635,376187,4016,4016,222092,144891.5,144891.5,196447,119571.3,119571.3,119571.3,793185.5,793185.5,238209,137817,580568,1006977,584216.21,584216.21,584216.21,1254658,642818,1420668,396274.5,396274.5,690794,690794,690794,690794,891424.5,891424.5,15107,655231,17701539,309455,4438669,2350462,984295,984295,6968,9074144,26775684,1904742,0,0,10978886,28680425,-1780750,0,0,9617389,0
